show_id,show_name,publisher,episode_id,episode_name,description,release_date,duration_ms,duration_min,explicit,language,spotify_url,audio_preview_url
4CrH6HyXnbyStbq8OnGn41,Radiojaputa,,5EogWAhYJPzqHjwDzzbzdG,"RJ 277 | Varones de ultraderecha, madres sin matrona e investigadoras… ¿azafatas?","El Radiojaputa 277 nos trae una mezcla de las dos cosas que más nos gustan de este programa: vuestras voces y las historias que no salen en prime time.  Empezamos escuchando las reflexiones y experiencias que nos habéis enviado esta semana: hablamos de varones jóvenes y ultraderecha, ¿cómo se cultiva la idealización del fascismo entre gente joven? ¿Por qué este discurso no tiene la necesidad de ocultar lo más oscuro de la represión franquista? ¿Por qué los agitadores ultras van de transgresores? Nos explayamos con estas cuestiones. También hablamos de machismo en el ámbito de la investigación, a raíz del audio de una compañera que nos cuenta sus experiencias pa mear y no echar gota en el mundo del señorío académico; ahondamos en la salud física y mental de las madres, con los datos que nos trae otra prima, y acompañamos a una oyenta que se llama Ramona, y que ha tenido que aguantar durante décadas la misma canción rancia de la España del destape y que reflexiona sobre qué hacer con su nombre. Hay más, y muy interesante!  La entrevista que tenemos preparada es, como os hemos prometido, una de esas historias que no salen en las noticias. Conversamos con Noelia, una oyenta que participó con su historia en el Especial de Salud Mental, y que nos contaba cómo, en medio de la soledad a la que te aboca el sistema sanitario, creó un grupo de apoyo para poder organizarse y acompañarse con otras familias que estuvieran pasando por lo mismo. Hoy viene a contarnos su experiencia con el TLP, el sistema sanitario, las familias y este grupo de apoyo.  Ponemos el broche final con el audio de una amiga que nos regala una reflexión y unas risas, que siempre se agradecen y nos ayudan a seguir remando en este bote salvavidas, a la deriva feminista.  Para matrocinar este espacio, puedes hacerlo en radiojaputa.com.  Si tú también quieres participar, mándanos un audio de whatsapp al (+34) 636 75 14 20.  Y si te han gustado las canciones, las tienes todas en Youtube, listadas por temporadas.",2026-05-14,3344138,55.7,False,es,https://open.spotify.com/episode/5EogWAhYJPzqHjwDzzbzdG,
4CrH6HyXnbyStbq8OnGn41,Radiojaputa,,75hDJNyZUGVkTRsVadOdZK,"Entrevista a la filósofa LUISA POSADA KUBISSA sobre su libro ""Fuego amigo""","Entrevista completa a la filósofa LUISA POSADA KUBISSA sobre su libro ""Fuego amigo"", donde dialoga con otras filósofas como Butler, Braidotti o Haraway, mujeres decididas a borrar el sujeto de la lucha feminista: las mujeres.",2026-05-10,2918878,48.6,False,es,https://open.spotify.com/episode/75hDJNyZUGVkTRsVadOdZK,
4CrH6HyXnbyStbq8OnGn41,Radiojaputa,,3ayVPlOO8lC005aFDVYLUy,RJ 276 | El nuevo debate sobre si las mujeres deberíamos votar no lo vimos venir,"Bienvenidas, primas, al Radiojaputa 276. Hoy tenemos un programa que no os queréis perder, porque tenemos una invitada de excepción y porque nos traéis audios especialmente interesantes.  En la sección con vuestros mensajes, volvemos al tema de los grupos de varones organizados en redes sociales para violar a sus mujeres, y nos preguntamos, no sin un escalofrío de miedo, hasta dónde podrían llegar nuestras propias parejas hombres (pero no puede ser, yo estoy con un hombre bueno, ¿verdad?). También respondemos a una oyenta que no entiende por qué defendemos que la ganadería es patriarcal, hablamos sobre las próximas elecciones en Andalucía y cómo ha ido creciendo el discurso ultra de quitar el voto a las mujeres y reflexionamos con el audio de una compañera de 7 años muy enfadada, y con razón, porque se presuponga que las niñas se portan mejor que los niños.  Y en nuestra entrevista de hoy tenemos a Luisa Posada Kubissa, doctora en Filosofía, escritora y teórica feminista que viene a presentarnos su último libro “Fuego amigo: ¿nuevos discursos en favor del feminismo?”. Con ella conversamos sobre teorías queer, feminismo decolonial, transhumanismo, lo posthumano y lo cyborg… y rebate con elegancia a pensadoras como Butler, Braidotti, Haraway, Fraser y otras que han insistido en borrar el sujeto de la lucha feminista.  Cerramos nuestro encuentro de hoy más juntas y unidas que nunca, con las voces de distintas compañeras que saben la fuerza que tiene encontrarnos y sostenernos entre nosotras, y la música de mujeres que hablan de la importancia de hacer comunidad.  Para matrocinar este espacio, puedes hacerlo en radiojaputa.com.  Si tú también quieres participar, mándanos un audio de whatsapp al (+34) 636 75 14 20.  Y si te han gustado las canciones, las tienes todas en Youtube, listadas por temporadas.",2026-05-07,3243340,54.1,False,es,https://open.spotify.com/episode/3ayVPlOO8lC005aFDVYLUy,
4CrH6HyXnbyStbq8OnGn41,Radiojaputa,,4zeXSWtCdielZgNPKIMi80,Entrevista a la psicóloga infantil y perinatal Ibone Olza. Salud mental de las mujeres.,"Esta es la entrevista completa a la psiquiatra infantil y perinatal Ibone Olza, de la que pudiste escuchar un extracto en nuestro especial sobre salud de las mujeres: Radiojaputa 275.  Las referencias y enlaces que acompañan a este podcast las podéis encontrar siempre en radiojaputa.com, ya que Ivoox no permite clicar en links.",2026-05-03,2851982,47.5,False,es,https://open.spotify.com/episode/4zeXSWtCdielZgNPKIMi80,
4CrH6HyXnbyStbq8OnGn41,Radiojaputa,,5sQnZY1oQAdWzX7YUgwovS,Entrevista a la psicóloga forense Laura Redondo. Salud mental de las mujeres,"Esta es la entrevista completa a la psicóloga forense Laura Redondo, de la que pudiste escuchar un extracto en nuestro especial sobre salud de las mujeres: Radiojaputa 275.  Las referencias y enlaces que acompañan a este podcast las podéis encontrar siempre en radiojaputa.com, ya que Ivoox no permite clicar en links.",2026-05-03,3911785,65.2,False,es,https://open.spotify.com/episode/5sQnZY1oQAdWzX7YUgwovS,
4CrH6HyXnbyStbq8OnGn41,Radiojaputa,,1J73ioqmZxIW8U4H6YpALB,Entrevista a la psiquiatra Gemma Parramón sobre salud mental de las mujeres,"Esta es la entrevista completa a la psiquiatra Gemma Parramón, de la que pudiste escuchar un extracto en nuestro especial sobre salud de las mujeres: Radiojaputa 275.  Las referencias y enlaces que acompañan a este podcast las podéis encontrar siempre en radiojaputa.com, ya que Ivoox no permite clicar en links.",2026-05-03,1824329,30.4,False,es,https://open.spotify.com/episode/1J73ioqmZxIW8U4H6YpALB,
4CrH6HyXnbyStbq8OnGn41,Radiojaputa,,0GIvjWH9qgrbMbbvRif2GA,Especial SALUD MENTAL: ¿Y tú por qué estás así?,"El Radiojaputa 275 es uno de esos podcast que llevábamos mucho tiempo queriendo hacer. Hoy os presentamos el ESPECIAL SALUD MENTAL que no te puedes perder, porque lo hemos hecho, como todo lo que hacemos en Radiojaputa, desde una perspectiva feminista y con mucho cariño y detalle.  Y es que la salud mental de las mujeres ha estado históricamente envuelta en el estigma, la invisibilización y la violencia. Por eso, en este programa hablamos de historia, hormonas, androcentrismo médico, salud pública, violencia machista, violencia sexual, violencia obstétrica, suicidio, terapia, maternidad, presión estética, duelo, disforia, autismo, TDAH, TLP, trastorno de la conducta alimentaria, demencia senil, ansiedad, depresión… y muchos más temas. Lo hacemos, como siempre, con vuestras dudas y vuestras vivencias como hilo conductor.  Para responder a todas nuestras preguntas hemos contado en esta ocasión con tres expertas: la psicóloga forense Laura Redondo y las psiquiatras Gemma Parramon e Ibone Olza. No olvidéis que, si alguno de los temas que hemos mencionado no lo encontráis en este podcast, lo podéis escuchar en las entrevistas completas que saldrán este domingo en nuestro canal de Ivoox, ya que para el episodio de hoy hemos incluido sólo un extracto de cada una de las invitadas.  Además, en este especial hemos incluido canciones de mujeres que han atravesado problemas de salud mental y han hablado de ello abiertamente.  Acabamos en alto y con esperanza, recordando los avances que hemos vivido en los últimos años en cuanto a la salud mental y las mujeres, tenemos motivos para estar esperanzadas.  Para matrocinar este espacio, puedes hacerlo en radiojaputa.com.  Si tú también quieres participar, mándanos un audio de whatsapp al (+34) 636 75 14 20.  Y si te han gustado las canciones, las tienes todas en Youtube, listadas por temporadas.",2026-04-30,6099046,101.7,False,es,https://open.spotify.com/episode/0GIvjWH9qgrbMbbvRif2GA,
4CrH6HyXnbyStbq8OnGn41,Radiojaputa,,5xg8JTsBfIjNpon6cQsBD6,RJ 274 | Depresión postparto PATERNA. Violadores organizados en Telegram. Sección vegana.,"Llegamos al Radiojaputa 274, que hoy abrimos comentando la última noticia sobre cómo la CNN ha destapado otro grupo en Telegram donde los hombres se dan consejos para drogar y violar a sus novias y esposas. Comentamos los datos que tenemos de este tipo de grupos (que son sólo la punta del iceberg) y cómo ninguno ha sido denunciado jamás por ningún hombre.  Entre los mensajes que nos enviáis hoy está el caso del asesino de Olot, el celador que asesinó a 11 ancianas y ahora en la cárcel se ha declarado mujer y ha sido trasladado al módulo de mujeres, ley trans mediante. También hablamos de la importancia de permanecer vigilantes y quejarnos, y las cosas que conseguimos cuando lo hacemos; de la depresión postparto paterna (paterna, has leído bien); y de la justicia retributiva, que nos llega con la explicación de una niña de 3 años a su padre.  Vuelve Silvia de la Fuente con su sección vegana “Lo que callan las vacas” donde, en esta ocasión, reflexionamos sobre que el veganismo no es una dieta, sino un posicionamiento ético; nos imaginamos qué pasaría en un mundo donde todas las personas fueran veganas, ¿se extinguirían algunas especies de animales? ¿cómo sería eso?, y hablamos de ser vegana y feminista en un mundo que no es vegano ni feminista.  Nos despedimos hasta la próxima semana con recordatorios, novedades, el audio buen-rollista de rigor, musicón y mucho, mucho amor.  Para matrocinar este espacio, puedes hacerlo en radiojaputa.com.  Si tú también quieres participar, mándanos un audio de whatsapp al (+34) 636 75 14 20.  Y si te han gustado las canciones, las tienes todas en Youtube, listadas por temporadas.",2026-04-23,3464132,57.7,False,es,https://open.spotify.com/episode/5xg8JTsBfIjNpon6cQsBD6,
4CrH6HyXnbyStbq8OnGn41,Radiojaputa,,1uOVBIEWe1Ejgn8M4HMcAO,RJ 273 | Racialización y desarraigo. ¿Son cómodas las mallas-tanga? Hablar mal de los padres,"Bienvenidas todas al Radiojaputa 273, el encuentro semanal con las amigas que os merecéis. Que nos merecemos. Hoy empezamos celebrando que cumplimos 8 años: este 16 de abril soplamos las velas juntas por otra vuelta al sol con la mejor compañía posible: vosotras.  Seguimos con vuestros mensajes: una compañera nos cuenta el hartazgo que implica ser responsable de igualdad de su empresa y organizar cursos para una plantilla regada (por supuesto) de señordos; otra prima nos pregunta por las mallas-tanga, ¿de verdad son cómodas? Despejamos las dudas que pueda haber. También tenemos el audio de una oyenta que nos habla del desarraigo de ser mujer racializada, aunque a veces no lo suficiente; y comentamos el enésimo congreso de una profesión feminizada donde los ponentes son, en un gran porcentaje, varones.  Esta semana tenemos de vuelta a Silvia Carrasco, que nos trae nueva sección de DoFemCo en formato píldora para resolver todas vuestras dudas sobre coeducación: en esta ocasión, nos responde a cuestiones que tienen que ver con la problemática de los baños mixtos en los coles, los profesores machistas, las charlas afectivo-sexuales o el papel de niños y niñas cuando se hacen trabajos en grupo.  Hoy cerramos nuestro encuentro con el Aquelarre: vienen las más sabias entre las sabias a responder y arropar a una oyenta que se sentía muy frustrada y quería saber cómo hacen las otras madres para no caer en la tentación de rajar de los padres delante de hijas e hijos y no dañar la autoestima de las criaturas.  Para matrocinar este espacio, puedes hacerlo aquí.  Si tú también quieres participar, mándanos un audio de whatsapp al (+34) 636 75 14 20.  Y si te han gustado las canciones, las tienes todas en Youtube, listadas por temporadas.",2026-04-16,3197422,53.3,False,es,https://open.spotify.com/episode/1uOVBIEWe1Ejgn8M4HMcAO,
4CrH6HyXnbyStbq8OnGn41,Radiojaputa,,4kWwftFPakXzzjWIl1MDHa,RJ 272 | Breaking news: Los varones deberán competir contra varones en los JJ.OO.,"Volvemos tras una semana de descanso con el Radiojaputa 272, un podcast que iniciamos con un temazo: mujeres que actualmente son jefas de Estado o Gobierno de sus países. ¿Las conocemos? Y más importante aún: que una mujer esté en la cima del poder de un país, ¿implica automáticamente una transformación y cambio en la lógica de ese poder?  Continuamos escuchando los audios que nos habéis mandado esta semana: hablamos de las mujeres en las cofradías de Semana Santa, de la nueva presidenta del COI y de los acantilados de cristal (si no sabes qué es esto, te lo explicamos), de empresas que promueven los safe spaces pero solo para algunes… Y también tenemos recomendaciones de eventos y el audio (súper interesante) de una oyenta de 12 años.  Y regresa a nuestro podcast violentito de confianza Patricia Sornosa con su sección “Cuéntaselo a la tita Patri”: a raíz del audio de una compañera, analizamos los tipos de hombres que te puedes encontrar en el trabajo… y es que a muchas deberían pagarles un plus por aguantar machirulos.  Cerramos el podcast de hoy con música, nuestro ya clásico audio de subidón y algún recordatorio para que no te pierdas nada de lo que hacemos en este bote salvavidas, a la deriva feminista.  Para matrocinar este espacio, puedes hacerlo en radiojaputa.com.  Si tú también quieres participar, mándanos un audio de whatsapp al (+34) 636 75 14 20.  Y si te han gustado las canciones, las tienes todas en Youtube, listadas por temporadas.",2026-04-09,3513736,58.6,False,es,https://open.spotify.com/episode/4kWwftFPakXzzjWIl1MDHa,
0AFGrellfefTQe24jEzqeV,Hablemos de feminismo,,1yvt134ri0ewmnog3WXewY,"Hablemos de feminismo: y de la ""academia de violación""","Este es un capítulo que no habría querido hacer nunca, pero es importante. Un reportaje sobre el tema aquí:https://www.publico.es/opinion/columnas/academia-violadores-importa-medios.html",2026-04-26,1750654,29.2,False,es-CL,https://open.spotify.com/episode/1yvt134ri0ewmnog3WXewY,
0AFGrellfefTQe24jEzqeV,Hablemos de feminismo,,6tOuf6fsVWLtLyePKdk5YK,Hablemos de feminismo: y del derecho a voto de las mujeres,"Hola! hoy hablo de un tema que está dando vueltas en tiktok, les dejo link de referencia aquí:https://www.youtube.com/shorts/6NXGPYeqyW4",2026-04-17,1623316,27.1,False,es-CL,https://open.spotify.com/episode/6tOuf6fsVWLtLyePKdk5YK,
0AFGrellfefTQe24jEzqeV,Hablemos de feminismo,,1WvnSGvwEjQOW3kXrMf5MU,Hablemos de feminismo: y de que este podcast cumple 4 años!,"Hola! este es un capítulo aniversario, donde doy un par de vueltas y comento un poco el mundo y como ha cambiado en estos 4 años. ",2026-01-18,1925788,32.1,False,es-CL,https://open.spotify.com/episode/1WvnSGvwEjQOW3kXrMf5MU,
0AFGrellfefTQe24jEzqeV,Hablemos de feminismo,,1smwRFlMnUj9XWBdKVmTd2,Hablemos de feminismo: y del fascismo reciente.,"hola! acá desvario un poco, pero les cuento mis percepciones sobre este gobierno de ultra derecha que eligieron mis compatriotas (yo no lo elegí). Y hablo de el cuento de la criada, que es del año 1985. Hace 40 años Margaret Atwood nos vio venir. Si tienen sugerencias de plataformas para podcast, estoy atenta :)",2025-12-15,1686251,28.1,False,es-CL,https://open.spotify.com/episode/1smwRFlMnUj9XWBdKVmTd2,
0AFGrellfefTQe24jEzqeV,Hablemos de feminismo,,0278z1DsNnkD2by9n3Q02G,Hablemos de feminismo: y del consentimiento.,"Hola! gracias por escuchar siempre. Hablo de un vídeo, es este: https://www.youtube.com/watch?v=BuuyajcjFC4Pueden leer el libro de Rosa Cobo aquí:https://diariofemenino.com.ar/df/el-consentimiento-sexual-es-un-mito-rosa-cobo-y-luisa-posada/",2025-11-02,1651200,27.5,False,es-CL,https://open.spotify.com/episode/0278z1DsNnkD2by9n3Q02G,
0AFGrellfefTQe24jEzqeV,Hablemos de feminismo,,3u8ZkwA7EyNRq4tHddJAOJ,"Hablemos de feminismo: y de por qué (no existe) el hombre ""performativo""",Hola! gracias por escuchar siempre. Dejo el link del artículo que cito aquí https://www.nytimes.com/es/2025/08/19/espanol/cultura/hombre-performativo.html,2025-09-06,1927683,32.1,False,es-CL,https://open.spotify.com/episode/3u8ZkwA7EyNRq4tHddJAOJ,
0AFGrellfefTQe24jEzqeV,Hablemos de feminismo,,28yMBQpGQBFZptWwCPlVI2,Hablemos de feminismo: y de los concursos de belleza,Hola! en este capítulo hablo un poco del fenómeno de los concursos de belleza en base al contexto de Chile. ,2025-08-11,1692233,28.2,False,es-CL,https://open.spotify.com/episode/28yMBQpGQBFZptWwCPlVI2,
0AFGrellfefTQe24jEzqeV,Hablemos de feminismo,,2F8mYo3lqc75uZ065iutOh,Hablemos de feminismo: y del clean look aesthetic,"Hola! gracias por estar aquí. Los artículos que cito son:https://www.byrdie.com/clean-girl-aesthetic-critique-6744031https://fanfanfatal.substack.com/p/el-clean-look-o-como-la-extrema-derechaY los libros que nombro son: porque algunos hombres odian a las mujeres de Vivian Gornick y Desde los Zulos, de Dahlia de la Cerda. Ambos son de la editorial sexto piso. Un abrazo, ",2025-07-06,2291772,38.2,False,es-CL,https://open.spotify.com/episode/2F8mYo3lqc75uZ065iutOh,
0AFGrellfefTQe24jEzqeV,Hablemos de feminismo,,17wIvP0jsyh6rgsR24n7Vs,Hablemos de feminismo: y de las mujeres y la guerra,"Hola! tanto tiempo. Gracias por escuchar siempre, por las ideas y por seguir aquí. Nos veremos más seguido. Un abrazo, ",2025-06-26,2390782,39.8,False,es-CL,https://open.spotify.com/episode/17wIvP0jsyh6rgsR24n7Vs,
0AFGrellfefTQe24jEzqeV,Hablemos de feminismo,,6YOZLR97sec8ozkotJWRDd,Hablemos de feminismo y de ¿Qué es ser mujer?,"Este es un capítulo difícil, que hubiera preferido no hacer. Pero, como siempre, atenta a sus comentarios.Estos son los dos textos de los que hablo:https://monoskop.org/images/d/d5/Herculine_Barbin_Llamada_Alexina_B.pdfhttps://www.publico.es/opinion/columnas/violencia-transfobas-manana-ira.html?utm_medium=social&utm_campaign=Publico&utm_source=Twitter",2025-04-21,1770809,29.5,False,es-CL,https://open.spotify.com/episode/6YOZLR97sec8ozkotJWRDd,
6B9dwCg4D9rwAiOIn6ua69, Amiga Date Cuenta ,,7eHASpBxhFjwwOB58eLGHr,"Principio, medio, fin con Valeria Luiselli","Fronteras, volcanes, madres, hijas y ecos del principio y del fin del Tiempo. La última novela de Valeria Luiselli te da todo eso y además la mejor manera de decir “tetas” que hemos encontrado. Hablamos con ella de todo esto, del manuscrito que ha enterrado en un bosque de Noruega (Renate Reinsve!) y de su habilidad para el pole dancing. Además, Juicios Prematuros de Cannes 2026 y un repaso al correo amiguer. Libros:  Principio, medio, fin, Valeria Luiselli (Feltrinelli, Angle Editorial) ",2026-05-12,5516820,91.9,False,es,https://open.spotify.com/episode/7eHASpBxhFjwwOB58eLGHr,
6B9dwCg4D9rwAiOIn6ua69, Amiga Date Cuenta ,,6qCt46lKP9P8IUxsIjm0sc,Estéticas del desquicie,"Mar-a-Lago, hipersticiones, ashwaganda, gominolas de creatina, policrisis delulu, hip dips, el piso de carlos peguer, slaymaxxing, mogging, midface ratio, osteotomía bimaxilar, onlyfans del suburbio, slopaganda iraní, el zara de diagonal, method dressing, seguridad ontológica, reencantamiento fallido, fascia triste, catalan chicslop, it’s very paella, gótico iluminado. Amiga, cógenos de la mano, que te acompañamos en este tortuoso camino por la nueva fealdad. Llegó la hora de asumir que vivimos en la era del peak desquicie.  Links artículos -El Dragon Khan social de Carlos Peguer. Delia Rodríguez, El País. -The Team behind a Lego-themed pro-Iran viral campaign. Kyle Chayka, The New Yorker.  -The Banal Horror of Jimmy Fallon. Jon Greenaway, Current Affairs. -Does the New York Times need a magazine? Charlotte Klein, The Cut. -Looks aren’t everything? Clavicular begs to differ. Joseph Bernstein, New York Times. -Looksmaxxing, AI, Peptides, Sports Betting — They're All The Same Thing!, P.E. Moskowitz, Substack ",2026-04-28,6767678,112.8,False,es,https://open.spotify.com/episode/6qCt46lKP9P8IUxsIjm0sc,
6B9dwCg4D9rwAiOIn6ua69, Amiga Date Cuenta ,,199iSfvzaYANJPbklNMLi2,"Atiende, Sant Jordi 2026","A falta de una recomendación de libro para Sant Jordi venimos con 34 RECOMENDACIONES, un MacroAtiendeAmiga que hacemos acompañadas de algunas de nuestras obreras favoritas del sector editorial. Además, entrevista con Desirée de Fez, autora de ‘No la dejes sola’ y coguionista de ‘Pizza movies’. Sobre madres, hijas, hermanas, el centro comercial como refugio y el dolor de barriga que se siente al volver al lugar del que salimos. Lista de enlaces a artículos: Luna Miguel en Substack sobre cobrar por promocionar libros en redes Especial de ‘The Baffler’ sobre los trabajos peaje para poder escribir ‘Transference in the afternoon’: el ensayo de Granta de no ficción escrito por Jesse Barron sobre el hombre que denunció a su terapeuta tras mantener con ella una aventura sexual Lista de libros recomendados por invitados y por nosotras:     ‘La mano que cura’, de Lina María Parra (Tránsito)     ‘Un conjuro’, de Paula Melchor (Letraversal)     ‘Traumacore’, de Núria Gómez Gabriel (Cielo Santo)     ‘Zorra’, Gabriela Jauregui (Lava)     ‘Químicas piedades’, de Marta Echaves (Cielo Santo)     ‘La forma extensa’, de Kate Briggs, (Como Ediciones, traducción de Carlota Melguizo)     ‘Era todo el mismo hueco’ (Random) / ‘Tot era el mateix forat’ (Periscopi) / ‘Dena zulo bera zen’ (Susa), de Eider Rodriguez     ‘Imaginar el fin’ (Paidós, traducción de )/ ‘Imaginar la fi’ (Raig Verd), de Eudald Espluga     ‘Salvapantallas’, de Luis Chaves, de Los tres editores     ‘Un estallido, antología de la poesía española 2000-2025’, coordinado por Raúl Molina Gil y Álvara López Fernández (Cátedra)     ‘Oskar y yo’, de Maria Parr (Nordica infantil, traducción de Cristina Gómez-Baggethun.)      ‘Lost lambs’, de Madeline Cash (Farrar, Straus and Giroux) y próximamente traducido en Salamandra      ‘De comida familiar’, de Alicia Álvarez Vaquero (Buen Dolor)     ‘Cantos de sirena"" de Charmian Clift  (Gatopardo, traducción de Patricia Antón)     ‘Astillas’, Leslie Jamison (Anagrama, traducido por Rita da Costa)     ‘Felicidad eterna’ de Adelaide Faith,(Mapa, traducción de Alba Pagán)     ‘Hipocondría’, de Will Rees (Alpha Decay, traducción de Albert Fuentes)     ‘El ladrón de arte: Una historia real de obsesión y crímenes por amor a la belleza’, de Michael Finkel (Taurus, traducción de Rosa Pintor)     ‘Un trabajo soñado’ de Mar Manrique (Península)      ‘Monstruos’, Claire Dededer (Penínsulta, traducción de Ana Camallonga)     ‘Tregua, que no paz’, de Miriam Toews (Sexto Piso, traducido por Julia Osuna)      ‘La teoría de la bolsa de la ficción’ de Ursula K Le guin (Rara Avis, traducción de Luciana Chieregati, Ibon Salvador y  Guadalupe Alfaro)     ‘Escritura y dinero’ de Olivia Teroba (Las afueras)     ‘Sobre mi hija’, de Kim Hye-Jin (Las afueras, traducción de Irma Zyanya Gil Yáñez y Minjeong Jeong)     ‘Alguien me quiere asesinar... y creo que es mi marido’, de Joanna Russ (Siruela, con traducción de Virgina Maza)     ‘Despiece’, Vicente Ferrer (DosBigotes)     ‘El Valle de silicio’, de Carla Nyman (Reservoir Books)     ‘Marcelino’, de Bibiana Collado Cabrera (Pepitas/Los Aciertos)     ‘Dolor exquisito’, de Sophie Calle (Comisura, traducción de Blanca Gago)     ‘Tinta y sangre’, de Han Kang (Random, traducción de Sunme Yoon) / Tinta i sang (La Magrana, traducció d’Hèctor Bofill i Hye Young Yu)     ‘Indignidad’, de Lea Ypi (Anagrama, traducción de Albert Fuentes) / ‘Indignitat’ (Angle, traducció de Miriam Cano)   LIBROS QUE QUEREMOS QUE NOS REGALEN PARA SANT JORDI Noelia: ‘Obras completas’, Sarah Kane (Continta me tienes, traducción de Eva Varela Lasheras) Begoña: ‘Transcription’, de Ben Lerner (Farrar Straus & Giroux)                ‘Dolor exquisito’, de Sophie Calle (Comisura, con traducción de Blanca Gago). ",2026-04-14,6846185,114.1,False,es,https://open.spotify.com/episode/199iSfvzaYANJPbklNMLi2,
6B9dwCg4D9rwAiOIn6ua69, Amiga Date Cuenta ,,2YyIrDNAvgFONzUr0Jh7xO,USA: Unos Señores Acabados,"Vuelven las Relaciones Internacionales con Marcos Bartolomé. Nuestro veraneante favorito viene con una noticia importante. Se acabó el Imperio. The Party in the USA is over. La era de la hegemonía estadounidense ha llegado a su fin y aporta pruebas y datos. Por ejemplo, que el 40% de las mujeres estadounidenses entre 15 y 44 desearía irse de su país, como parte del llamado Donald Dash. Todo lo que quieres saber sobre realities del fin del mundo, chinesemaxxing y qué está pasando en Las Vegas.",2026-03-24,5017193,83.6,False,es,https://open.spotify.com/episode/2YyIrDNAvgFONzUr0Jh7xO,
6B9dwCg4D9rwAiOIn6ua69, Amiga Date Cuenta ,,7HWTUDoTKkNN7ylOZnEuhm,Muchachas excelentes,"Bienvenidas a las Primeras Jornadas Amiga Date Cuenta de la Muchacha Excelente. La excelencia: qué onda ¿Es lo contrario de lo mediocre, o es una aspiración masculina y un poco facha de la que debemos liberarnos? Para hablar de todo esto vienen dos mujeres excelentes, Sira Abenoza y Mar García Puig. Extra: entrevista con Mayte Gómez Molina, autora de ‘La boca llena de trigo’, una novela sobre ser ungida en el mundo del arte, sentirse un fraude y negociar con lo que se percibe como excelente. Ojo, que estrenamos música original del gran Rob Román (!)",2026-03-10,5959188,99.3,False,es,https://open.spotify.com/episode/7HWTUDoTKkNN7ylOZnEuhm,
6B9dwCg4D9rwAiOIn6ua69, Amiga Date Cuenta ,,46BLG9QkXQV8nDADemMG2x,"OOSCAV, 3a edición","Compartimos esto con Moira Rose, el personaje de Catherine O’Hara en Schitt’s Creek: nuestra estación favorita es la de los premios. Los OOSCAV, los galardones que nos inventamos con nuestro amado Álex Vicente, alcanzan su tercera edición. Todas las galas son largas y en esta encontrarás opiniones contundentes sobre Sirat, Sinners, Marty Supreme, Jacob Elordi tapándose las erecciones en Cumbres Cachondas, las nuevas nepos y quién hizo más el ridículo haciéndose el apolítico en la Berlinale. Lo que se dice un festín.",2026-02-24,7035390,117.3,False,es,https://open.spotify.com/episode/46BLG9QkXQV8nDADemMG2x,
6B9dwCg4D9rwAiOIn6ua69, Amiga Date Cuenta ,,5Bgm6niUwf2s9hZt9AsJhr,¡Guapa! Fascismo del cuerpo volumen III,"Estamos convencidas de que hay dos tipos de personas, las que te llaman “guapa” y las que no. El guapa! casi nunca tiene nada que ver con el aspecto físico es un lubricante léxico, una caricia social o, dicho en modo ADC, un shortcut de la sociabilidad femme. A todo esto le damos vueltas hasta llegar al territorio Fascismo del Cuerpo. Que ahora se concentra en la cara, la cara de guapa. Lo explicamos rodeadas de gente guapa, guapísima, en un directo en el Cupra City Garage de Madrid.",2026-02-11,3317438,55.3,False,es,https://open.spotify.com/episode/5Bgm6niUwf2s9hZt9AsJhr,
6B9dwCg4D9rwAiOIn6ua69, Amiga Date Cuenta ,,1dOxZJbBroBV5HZJyQaNaP,"Reliquia, con Pol Guasch","Solo es enero pero ya tenemos libro del año. Esperábamos con impaciencia avalanzarnos sobre ‘Reliquia’ y cuando por fin lo pudimos leer nos dejó admiradas y un poquito rotas. Vuelve Pol Guasch, amiguer’s favourite, para hablar de su primera ‘memoir’, en la que aborda el suicidio de su padre. Con un extra de Juicios Prematuros.",2026-01-27,5103359,85.1,False,es,https://open.spotify.com/episode/1dOxZJbBroBV5HZJyQaNaP,
6B9dwCg4D9rwAiOIn6ua69, Amiga Date Cuenta ,,3fqKNy245ZFZ6P4JHuwTPC,La gran tontificación,"La mala noticia: nos están volviendo tontas. La buena: ¿quizá aún podemos hacer algo al respecto? En enero, cogemos la túnica de profetas y alertamos a la nación amiguer de todos los síntomas que indican que nos estamos aturdiendo y estupidificando, desde consumir slop hasta contentarnos con la primera respuesta que nos escupe la IA. Alerta: hay un Expediente Urzaiz sensible e inesperado. Libros/ Artículos     La nueva literalidad plaga las películas. The New Yorker. https://www.newyorker.com/culture/critics-notebook/the-new-literalism-plaguing-todays-biggest-movies       Libros: ‘Blank Space: A Cultural History of the Twenty-First Century’, de W. David Marx (Viking) / ‘Mundofiltro: cómo los algoritmos han aplanado la cultura’, Kyle Chayka (Traducción de María Antonia de Miquel en Gatopardo)/ Mood Machine, de Lyz Pelly (Simon & Schuster)       Substack Do Not Research. Post de Stephanie Yue Duhem ‘Only B ad Poems Go Viral’.    https://donotresearch.substack.com/p/stephanie-yue-duhem-only-bad-poems     NY Mag. How Stupid was this year? https://www.vulture.com/article/dumbest-things-that-happened-in-2025.html       Entrevista con Anika Jade Levy. Chicago Review of Books. https://chireviewofbooks.com/2025/11/05/living-inside-collapse-an-interview-with-anika-jade-levy/  ",2026-01-13,6338473,105.6,False,es,https://open.spotify.com/episode/3fqKNy245ZFZ6P4JHuwTPC,
6B9dwCg4D9rwAiOIn6ua69, Amiga Date Cuenta ,,2micEMIVtZtLB5UtRO5JSb,¿Qué haría Montserrat Roig?,"Hemos oído hablar de mujeres que se preguntan: ¿qué haría Joan Didion? o ¿qué haría Nora Ephron? Nos parece igual o más pertinente preguntarnos todo el rato: ¿qué haría Montserrat Roig? Junto a dos ‘roigettes’ apasionadas, Gemma Ruiz Palà y María Mur, celebramos a esta ensayista, novelista y periodista que adoramos. En vivo desde la FIL de Guadalajara, Jalisco. Libros:  El temps de les cireres / Tiempo de cerezas (Edicions 62/ Consonni) Ramona, adéu (Edicions 62/ Consonni) L’hora violeta (Edicions 62 / consonni) Els catalans als camps nazis (Edicions 62) Mundo hetero. La teoría feminsta de Montserrat Roig. Paidós Som una ganga. Edició d’Àngels Cabré. Comanegra Digue’m que m’estimes encara que sigui mentida (Edicions 62 / Plankton) L’agulla daurada. Montserrat Roig. Edicions 62 La Butxaca ",2025-12-16,4036756,67.3,False,es,https://open.spotify.com/episode/2micEMIVtZtLB5UtRO5JSb,
18YtE7Ed8UPaTSZpqESG0B,Nadie hablará de nosotras,,5G2urakMbKgqEay5NPKZEP,"EL VIDEOCLUB ""Se armó la gorda"" Episodio 2","Ya está aquí la segunda entrega de El Videoclub de Nadie hablará de nosotras amigas!!Esta vez grabamos con público en directo nada menos que en la Academia de Cine, estamos muy felices de haber podido grabar allí.Un video-podcast dedicado al análisis crítico y social del cine y las series a los mandos de Cristina de Tena y Lara Gil.El audiovisual nos permite conversar sobre el mundo y eso es lo que queremos hacer con este este proyecto. Nuestro objetivo con esta nueva serie es agrandar la conversación y la mirada. Y lo vamos a hacer a partir de una de una de nuestras mayores pasiones: las películas y las series. Cada mes nos sentaremos en nuestro estudio a rajar sin parar sobre los diferentes sistemas que nos atraviesan y como conviven con el mundo audiovisual. Nuestra idea es deconstruir los prejuicios, conocernos mejor y, lo más importante, reírnos de todo y de nosotras mismas.Durante los episodios miraremos a las pelis con amor pero también con ojo crítico, mirando lo invisible, detectando la clase y la gordofobia. Siendo espectadoras exigentes pero también básicas como una patata.El cine es una ventana al mundo y es una herramienta para pensarlo y transformalo, vamos a abrirla y airear el espacio.Vente con nosotras a esta nueva aventura!Como siempre esta idea no la hemos materializado solas. A nuestro lado esta Maque Trompet, realizadora y mejor persona. Ella no solo monta el podcast si no que es la encargada de todos los visuales. La mejor. La composición musical es de Javier Plan Menés, compositor, artista y persona muy joven. A parte también es el primo de Lara y es el mejor. Y a la sombra ayudándonos, resolviendo, acompañando y movilizando todo está Nanús González Lastra.Este podcast es un proyecto de la Asociación Nadie hablará de nosotras y lo realizamos con el apoyo económico de la Fundación Calala y la Unión Europea y con la ilusión y fuerzas de muchas compañeras. Los puntos de vista y opiniones expresados son únicamente del podcast Nadie hablará de nosotras. Ni la Unión Europea, ni la autoridad otorgante pueden ser considerados responsables de ellos.",2026-05-13,4851328,80.9,False,es-ES,https://open.spotify.com/episode/5G2urakMbKgqEay5NPKZEP,
18YtE7Ed8UPaTSZpqESG0B,Nadie hablará de nosotras,,589awD31F8Qu61m0aGjQxe,Te vas a morir igual,"Ya estamos aquí de nuevo amigas! Esta vez con una nueva entrega de Nadie hablará de nosotras. Esperamos que os guste!!Las ideas, voz y producción son de Cristina de Tena y Lara Gil. La grabación y postproducción son de Maque Trompet. La música es de Antía Eseuve. Las creaciones visuales son de Sánchez Alventosa. Y todo esto es posible gracias también a Nanús que nos apoya en la organización y logística.Os recordamos que podéis contactar con nosotras para proponernos talleres y formaciones sobre gordofobia, violencia estética, revoluciones y mucho más. Podéis contactarnos ennadiehablaradenosotrasoficial@gmail.com.También podéis haceros amigas de Nadie hablará de nosotras y aportar económicamente para sostener el proyecto y hacer que siga creciendo: https://sites.google.com/view/amigasd...Este podcast es un proyecto de la Asociación Nadie hablará de nosotras y lo realizamos con el apoyo económico de la Fundación Calala y la Unión Europea y con la ilusión y fuerzas de muchas compañeras. Los puntos de vista y opiniones expresados son únicamente del podcast Nadie hablará de nosotras. Ni la Unión Europea, ni la autoridad otorgante pueden ser considerados responsables de ellos.",2026-04-29,5651328,94.2,False,es-ES,https://open.spotify.com/episode/589awD31F8Qu61m0aGjQxe,
18YtE7Ed8UPaTSZpqESG0B,Nadie hablará de nosotras,,2u8YrckMwRqquT5oX9nf65,"EL VIDEOCLUB ""Una revolución tras otra"" Episodio 1","Primer episodio del Videoclub de Nadie hablará de nosotras.Un video-podcast dedicado al análisis crítico y social del cine y las series a los mandos de Cristina de Tena y Lara Gil.El audiovisual nos permite conversar sobre el mundo y eso es lo que queremos hacer con este este proyecto. Nuestro objetivo con esta nueva serie es agrandar la conversación y la mirada. Y lo vamos a hacer a partir de una de una de nuestras mayores pasiones: las películas y las series. Cada mes nos sentaremos en nuestro estudio a rajar sin parar sobre los diferentes sistemas que nos atraviesan y como conviven con el mundo audiovisual. Nuestra idea es deconstruir los prejuicios, conocernos mejor y, lo más importante, reírnos de todo y de nosotras mismas.Durante los episodios miraremos a las pelis con amor pero también con ojo crítico, mirando lo invisible, detectando la clase y la gordofobia. Siendo espectadoras exigentes pero también básicas como una patata.El cine es una ventana al mundo y es una herramienta para pensarlo y transformalo, vamos a abrirla y airear el espacio.Vente con nosotras a esta nueva aventura!Como siempre esta idea no la hemos materializado solas. A nuestro lado esta Maque Trompet, realizadora y mejor persona. Ella no solo monta el podcast si no que es la encargada de todos los visuales. La mejor. La composición musical es de Javier Plan Menés, compositor, artista y persona muy joven. A parte también es el primo de Lara y es el mejor. Y a la sombra ayudándonos, resolviendo, acompañando y movilizando todo está Nanús González Lastra.Este podcast es un proyecto de la Asociación Nadie hablará de nosotras y lo realizamos con el apoyo económico de la Fundación Calala y la Unión Europea y con la ilusión y fuerzas de muchas compañeras. Los puntos de vista y opiniones expresados son únicamente del podcast Nadie hablará de nosotras. Ni la Unión Europea, ni la autoridad otorgante pueden ser considerados responsables de ellos.",2026-04-15,5689536,94.8,False,es-ES,https://open.spotify.com/episode/2u8YrckMwRqquT5oX9nf65,
18YtE7Ed8UPaTSZpqESG0B,Nadie hablará de nosotras,,4AnOFuiYRhU0MzR9SlFEcP,Excesivas,"Llegó el sexto episodio de la temporada,Disfrutadlo amigas!!Las ideas, voz y producción son de Cristina de Tena y Lara Gil. La grabación y postproducción son de Maque Trompet. La música es de Antía Eseuve. Las creaciones visuales son de Sánchez Alventosa. Y todo esto es posible gracias también a Nanús que nos apoya en la organización y logística.Os recordamos que podéis contactar con nosotras para proponernos talleres y formaciones sobre gordofobia, violencia estética, revoluciones y mucho más. Podéis contactarnos en nadiehablaradenosotrasoficial@gmail.com.También podéis haceros amigas de Nadie hablará de nosotras y aportar económicamente para sostener el proyecto y hacer que siga creciendo: https://sites.google.com/view/amigasdenadiehablardenosotras/inicioEste podcast es un proyecto de la Asociación Nadie hablará de nosotras y lo realizamos con el apoyo económico de la Fundación Calala y la Unión Europea y con la ilusión y fuerzas de muchas compañeras. Los puntos de vista y opiniones expresados son únicamente del podcast Nadie hablará de nosotras. Ni la Unión Europea, ni la autoridad otorgante pueden ser considerados responsables de ellos.",2026-03-25,6398848,106.6,False,es-ES,https://open.spotify.com/episode/4AnOFuiYRhU0MzR9SlFEcP,
18YtE7Ed8UPaTSZpqESG0B,Nadie hablará de nosotras,,0tUYEULrFgKEMaleQQ9qnf,Fascismo corporal,"Aquí está el quinto episodio de la temporada,Disfrutadlo amigas!!Las ideas, voz y producción son de Cristina de Tena y Lara Gil. La grabación y postproducción son de Maque Trompet. La música es de Antía Eseuve. Las creaciones visuales son de Sánchez Alventosa. Y todo esto es posible gracias también a Nanús que nos apoya en la organización y logística.Os recordamos que podéis contactar con nosotras para proponernos talleres y formaciones sobre gordofobia, violencia estética, revoluciones y mucho más. Podéis contactarnos en nadiehablaradenosotrasoficial@gmail.com.También podéis haceros amigas de Nadie hablará de nosotras y aportar económicamente para sostener el proyecto y hacer que siga creciendo: ⁠https://sites.google.com/view/amigasd...Este podcast es un proyecto de la Asociación Nadie hablará de nosotras y lo realizamos con el apoyo económico de la Fundación Calala y la Unión Europea y con la ilusión y fuerzas de muchas compañeras. Los puntos de vista y opiniones expresados son únicamente del podcast Nadie hablará de nosotras. Ni la Unión Europea, ni la autoridad otorgante pueden ser considerados responsables de ellos.",2026-02-25,5752810,95.9,False,es-ES,https://open.spotify.com/episode/0tUYEULrFgKEMaleQQ9qnf,
18YtE7Ed8UPaTSZpqESG0B,Nadie hablará de nosotras,,402Dzt7qQjyF6m2YKpaMcI,Deseosas,"Llega el cuarto episodio de la temporada,Esperamos que lo disfrutéis!Las ideas, voz y producción son de Cristina de Tena y Lara Gil. La grabación y postproducción son de Maque Trompet. La música es de Antía Eseuve. Las creaciones visuales son de Sánchez Alventosa. Y todo esto es posible gracias también a Nanús que nos apoya en la organización y logística.Os recordamos que podéis contactar con nosotras para proponernos talleres y formaciones sobre gordofobia, violencia estética, revoluciones y mucho más.Podéis contactarnos en nadiehablaradenosotrasoficial@gmail.comTambién podéis haceros amigas de Nadie hablará de nosotras y aportar económicamente para sostener el proyecto y hacer que siga creciendo: ⁠https://sites.google.com/view/amigasdenadiehablardenosotras/inicioEste podcast es un proyecto de la Asociación Nadie hablará de nosotras y lo realizamos con el apoyo económico de la Fundación Calala y la Unión Europea y con la ilusión y fuerzas de muchas compañeras. Los puntos de vista y opiniones expresados son únicamente del podcast Nadie hablará de nosotras. Ni la Unión Europea, ni la autoridad otorgante pueden ser considerados responsables de ellos.",2026-01-28,5957333,99.3,False,es-ES,https://open.spotify.com/episode/402Dzt7qQjyF6m2YKpaMcI,
18YtE7Ed8UPaTSZpqESG0B,Nadie hablará de nosotras,,7x73vhB3bkxS45LYLvBLvE,A llorar a la llorería,"Aquí llegamos con el tercer episodio de la temporada,Esperamos que lo disfrutéis!Las ideas, voz y producción son de Cristina de Tena y Lara Gil. La grabación y postproducción son de Maque Trompet. La música es de Antía Eseuve. Las creaciones visuales son de Sánchez Alventosa. Y todo esto es posible gracias también a Nanús que nos apoya en la organización y logística.Os recordamos que podéis contactar con nosotras para proponernos talleres y formaciones sobre gordofobia, violencia estética, revoluciones y mucho más. Podéis contactarnos en nadiehablaradenosotrasoficial@gmail.com.También podéis haceros amigas de Nadie hablará de nosotras y aportar económicamente para sostener el proyecto y hacer que siga creciendo: ⁠https://sites.google.com/view/amigasdenadiehablardenosotras/inicioEste podcast es un proyecto de la Asociación Nadie hablará de nosotras y lo realizamos con el apoyo económico de la Fundación Calala y la Unión Europea y con la ilusión y fuerzas de muchas compañeras. Los puntos de vista y opiniones expresados son únicamente del podcast Nadie hablará de nosotras. Ni la Unión Europea, ni la autoridad otorgante pueden ser considerados responsables de ellos.",2025-12-21,6445888,107.4,False,es-ES,https://open.spotify.com/episode/7x73vhB3bkxS45LYLvBLvE,
18YtE7Ed8UPaTSZpqESG0B,Nadie hablará de nosotras,,39RM0wmQ0uGfgkzl1F43GN,Doppelganger,"Este es el segundo episodio de la temporada, Esperamos que lo disfrutéis!Las ideas, voz y producción son de Cristina de Tena y Lara Gil. La grabación y la producción sonora y musical es de Maque Trompet. La música es de Antía Eseuve. Las creaciones visuales son de Sánchez Alventosa. Y todo esto es posible gracias también a Nanús que nos apoya en la organización y logística. Os recordamos que podéis contactar con nosotras para proponernos talleres y formaciones sobre gordofobia, violencia estética, revoluciones y mucho más. Podéis contactarnos en nadiehablaradenosotrasoficial@gmail.com.También podéis haceros amigas de Nadie hablará de nosotras y aportar económicamente para sostener el proyecto y hacer que siga creciendo: https://sites.google.com/view/amigasdenadiehablardenosotras/inicioEste podcast es un proyecto de la Asociación Nadie hablará de nosotras y lo realizamos con el apoyo económico de la Fundación Calala y la Unión Europea y con la ilusión y fuerzas de muchas compañeras. Los puntos de vista y opiniones expresados son únicamente del podcast Nadie hablará de nosotras. Ni la Unión Europea, ni la autoridad otorgante pueden ser considerados responsables de ellos.",2025-11-26,5517739,92.0,False,es-ES,https://open.spotify.com/episode/39RM0wmQ0uGfgkzl1F43GN,
18YtE7Ed8UPaTSZpqESG0B,Nadie hablará de nosotras,,0iTlWgwOOU8w9y8IBi7NLU,Preferiría no hacerlo, ¡Amigas! Aquí está el primer capítulo de la quinta temporada. ¡Qué fuerte! Ya estamos on the road again.,2025-10-29,4677781,78.0,False,es-ES,https://open.spotify.com/episode/0iTlWgwOOU8w9y8IBi7NLU,
18YtE7Ed8UPaTSZpqESG0B,Nadie hablará de nosotras,,7DhwB4RTue6NGdc9U7Xfbm,Akelarre gordo,"Queridas amigas, acabamos la temporada con un akelarre gordo grabado en directo durante las III Jornades contra la Grassofòbia i la Violència Estètica vers les Dones i les Dissidències de Gènere a Catalunya. Aprovechamos nuestra participación en este encuentro lleno de gordis maravillosas para invocar a los poderes de la grasa y combatir la gordofobia a base de risas, magia y simbolismo. Menuda fiesta amigas. Esperamos que disfrutéis tanto este capítulo, como nosotras lo hicimos grabándolo. Os deseamos un feliz verano en el que se tuesten bien vuestras lorzas al sol.Las ideas, voz y producción son de Cristina de Tena y Lara Gil. La producción sonora y musical es de Antía Eseuve. Las creaciones visuales son de Sánchez Alventosa. La foto de portada es de Mar Armengol.Os recordamos que podéis contactar con nosotras para proponernos talleres y formaciones sobre gordofobia, violencia estética, revoluciones y mucho más. Podéis contactarnos en nadiehablaradenosotrasoficial@gmail.com.También podéis haceros amigas de Nadie hablará de nosotras y aportar económicamente para sostener el proyecto y hacer que siga creciendo.",2025-06-25,4593877,76.6,False,es-ES,https://open.spotify.com/episode/7DhwB4RTue6NGdc9U7Xfbm,
6LqqJjfZgBSfWUEjFeCeln,FEMINISMO RADICAL,,29Lv0OQQfIOgpZk6Jurs9a,LA HEREJÍA LESBIANA. Sheila Jeffreys. Capítulo 4: La lesbiana esencial.,"""El capítulo 4 se centra en este renacimiento del esencialismo en la teoría lesbiana. Este nuevo esencialismo se ha utilizado sobre todo para justificar la reintroducción en la cultura lesbiana de un desequilibrio en el poder erótico mediante los roles de butch y de femme. Los conceptos de butch y femme se utilizan ahora para definir no sólo la erótica lesbiana, sino cualquier aspecto de la cultura y la «estética» lesbianas. Por mi parte argumento que un enfoque construccionista social radical de la identidad lesbiana sigue siendo políticamente relevante y es preciso cuestionar la intromisión manipulada de una polaridad erótica, de la división y de las jerarquías, en la cultura y la comunidad lesbianas."" Sheila Jeffreys. ",2023-01-17,1676678,27.9,False,es,https://open.spotify.com/episode/29Lv0OQQfIOgpZk6Jurs9a,
6LqqJjfZgBSfWUEjFeCeln,FEMINISMO RADICAL,,2ZwbyJLU5jXNJ5LexXoyiO,LA HEREJÍA LESBIANA. Sheila Jeffreys. Capítulo 3: La terapia sexual lesbiana.,"""El capítulo 3 indaga en el origen de la nueva política sexual lesbiana: la terapia sexual lesbiana, componente fundamental de la industria del sexo. Sugiero que las nuevas terapeutas sexuales lesbianas proyectan un tipo de sexualidad basado en los principios del heteropatriarcado, de dominio y sumisión, cosificación y misoginia. Existen, por el contrario, algunos intentos explícitos de las feministas lesbianas de reconstruir una sexualidad en términos de igualdad y amor a las mujeres, que pueden servir para habilitar a las lesbianas e impulsar su liberación y la de todas las mujeres. Las feministas lesbianas han tendido a definir la identidad lesbiana desde un enfoque construccionista social radical que puede resumirse en el lema de los años 70: «Toda mujer puede ser lesbiana». Esta afirmación ha perdido fuerza entre las teóricas lesbianas de los 80 y los 90. Algunas terapeutas sexuales lesbianas están proclamando un nuevo esencialismo. Una de ellas, JoAnn Loulan declara en su libro de 1990, The Lesbian Erotic Dance [El baile erótico lesbiano], que  algunas de nosotras simplemente nacemos así»."" Sheila Jeffreys",2023-01-17,271642,4.5,False,es,https://open.spotify.com/episode/2ZwbyJLU5jXNJ5LexXoyiO,
6LqqJjfZgBSfWUEjFeCeln,FEMINISMO RADICAL,,0TMJG7cN9srJArbuQrMv3W,LA CREACIÓN DE LA CONCIENCIA FEMINISTA de Gerda Lerner. Capítulo 7: Mil años de crítica feminista de la biblia.,"Durante mil años las mujeres buscaron autorización para pensar, hablar y escribir a través de la reinterpretación feminista de la biblia, tratando de luchar contra la misoginia que se desprendía de ésta y de sus interpretaciones patriarcales.  Usando su imaginación y su conocimiento consiguieron dar la vuelta a los argumentos que situaban a las mujeres como las malas de la historia. Todo ello sin saber unas de otras, ni del titánico esfuerzo que supuso para cada una de ellas contradecir a la propia Iglesia, arriesgando su libertad y su propia vida.",2022-12-05,4782674,79.7,False,es,https://open.spotify.com/episode/0TMJG7cN9srJArbuQrMv3W,
6LqqJjfZgBSfWUEjFeCeln,FEMINISMO RADICAL,,3YkK1ck4tqgsUeruTRWRUi,LA CREACIÓN DE LA CONCIENCIA FEMINISTA. Capítulo 6. Autorizarse a través de la maternidad.,"Hasta que el matrimonio dejó de ser el principal medio de mantenimiento para la mayoría de las mujeres y hasta que grandes grupos de mujeres ya no necesitaron pasar gran parte de su vida estando embarazadas y criando niños, el concepto principal mediante el cual las mujeres podían conceptualizar su identidad de grupo fue su experiencia común de la maternidad. Esta experiencia les permitió reivindicar la igualdad mucho antes de que el concepto de sororidad pudiera desarrollarse.",2022-12-05,3735181,62.3,False,es,https://open.spotify.com/episode/3YkK1ck4tqgsUeruTRWRUi,
6LqqJjfZgBSfWUEjFeCeln,FEMINISMO RADICAL,,69sEdab5fZZipnD0lZtRlb,LA CREACIÓN DE LA CONCIENCIA FEMINSTA. Capítulo 5. El camino de las místicas (II),"El concepto de la mujer divina, la Gran Diosa, la procreadora, la diosa de la vida y de la muerte, continuaba inspirando a las mujeres dos mil años después de su muerte. A pesar de todos los adoctrinamientos de género y la presión intensa hacia la sumisión, las mujeres, obsesionadas o racionales, escribieron por sí mismas la historia de la redención. Hablarían con Dios, representarían lo Divino, darían a luz al redentor, reivindicarían el elemento femenino en la divinidad y usurparían -a través de la visión extática, la inspiración alocada, la simple fe o cualquier otro medio que pudieran reunir- el derecho a definir lo Divino y con ello el derecho de definir su propia humanidad.",2022-12-05,4200952,70.0,False,es,https://open.spotify.com/episode/69sEdab5fZZipnD0lZtRlb,
6LqqJjfZgBSfWUEjFeCeln,FEMINISMO RADICAL,,3aBoaGsder8FNoFeymBRPu,LA CREACIÓN DE LA CONCIENCIA FEMINISTA. Capítulo 4: El camino de las místicas (I),"A través del misticismo, las mujeres consiguieron superar la misoginia de las enseñanzas patrísticas, que las condenaban a la ignorancia y a la dependencia intelectual. El misticismo en sus diferentes formas sostenía que el conocimiento trascendental no aparecía como producto de un pensamiento racional, sino más bien como resultado de la intuición.  Las mujeres encontraron apoyo temporal en las sectas heréticas, donde se les otorgaba acceso al liderazgo organizativo y compartían la autoridad con los hombres, pero cuando el movimiento adquiría mayor éxito, se volvía más dominado por los hombres y entonces a las mujeres se las relegaba a funciones auxiliares y a la invisibilidad.",2022-12-05,4096767,68.3,False,es,https://open.spotify.com/episode/3aBoaGsder8FNoFeymBRPu,
6LqqJjfZgBSfWUEjFeCeln,FEMINISMO RADICAL,,34KIuPieYomKKTst3hWydh,LA CREACIÓN DE LA CONCIENCIA FEMINISTA. Capítulo 3: Autorizarse a sí misma,"A partir de los siglos posteriores al año 300 la iglesia empezó a consolidarse como institución profundamente jerárquica, dependiente del clero masculino. No es casualidad que en este momento los ataques misóginos a las mujeres aumentaran considerablemente y empezaran las primeras acusaciones de brujería.  El concepto de que las mujeres nacían como seres inferiores con una mente y un intelecto más débiles, más sujetas a las emociones y a las tentaciones sexuales que los hombres y que necesitan ser gobernadas por ellos, tuvo un efecto devastador sobre la mente de las mujeres. Cada mujer pensante tuvo que pasar una cantidad exorbitante de tiempo y energía pidiendo disculpas por el mero hecho de pensar. La búsqueda de un yo auténtico tuvo que adoptar formas diferentes para las mujeres en comparación con los hombres, dado que en el caso de los hombres la autoridad se asumía, mientras que a las mujeres se les denegaba completamente.  En este capítulo se estudiará ampliamente la vida y la obra de HILDEGARDA DE BINGEN (1098-1179), como ejemplo de una larga línea de mujeres místicas y espirituales, que consiguieron su autoridad, su derecho a pensar y a hablar, directamente de Dios, como una manera de autorizarse a sí misma y de sortear el destino de sumisión sexual, reproductiva y de trabajo doméstico a la que estaban destinadas la mayoría de las mujeres.",2022-12-05,3431602,57.2,False,es,https://open.spotify.com/episode/34KIuPieYomKKTst3hWydh,
6LqqJjfZgBSfWUEjFeCeln,FEMINISMO RADICAL,,49kKdDr3Is9WxfXt7ry0yS,LA CREACIÓN DE LA CONCIENCIA FEMINISTA. Capítulo 2: La marginación educativa de las mujeres.,"A pesar de tener prohibido o muy difícil el acceso a la educación, a lo largo de la historia las mujeres han luchado por tener una mente activa, acceder al conocimiento y posibilitar y transmitir este a otras mujeres. Mujeres excepcionales que sobresalieron por su inteligencia y tuvieron que pagar un alto precio por ello. Muchas mujeres anónimas que lucharon por su derecho a pensar, escribir y opinar. Aquellas que se preocuparon por dar una educación a las niñas cuando la sociedad patriarcal, hecha por los hombres, no les daba importancia, ni valor, más que por sus servicios sexuales, como futuras procreadoras y trabajadoras domésticas.  Hildegarda de Bingen, Sor Juana Inés de la Cruz de México, Isota Nogarola, Elizabeth Elstob, Emma Willard, Lucinda Foote y tantas otras, cientos, fueron mujeres que durante siglos lucharon por el derecho a la educación, de ellas mismas y de otras mujeres, pagando por ello un alto coste personal.  Las mujeres primero tenían que luchar por su derecho a estudiar, luego por el derecho enseñar y, finalmente, por el derecho a modificar el contenido de la enseñanza. Todavía hay que conseguir hacer lo último de forma significativa.",2022-12-05,4900078,81.7,False,es,https://open.spotify.com/episode/49kKdDr3Is9WxfXt7ry0yS,
6LqqJjfZgBSfWUEjFeCeln,FEMINISMO RADICAL,,7hE6Jk7DdQyUKHRIpT8U1j,LA CREACIÓN DE LA CONCIENCIA FEMINISTA de Gerda Lerner. Cap1 Introducción.,"En este capítulo se introducen los distintos temas por cada capítulo del libro, así como una idea general, enlazando desde el primer volumen, La Creación del Patriarcado.  ""Gerda Hedwing Lerner (nombre de nacimiento: Gerda Hedwing Kronstein) (Viena, 30 de abril de 1920- Madison, 2 de enero de 2013) fue una historiadora nacida en Austria que desarrolló su trabajo en Estados Unidos. Además de sus numerosas publicaciones académicas, escribió poesía, ficción, piezas de teatro, guiones y una autobiografía. Pionera en la investigación sobre la historia de las mujeres fue considerada la principal autoridad en este tema en Estados Unidos.1​ Lerner fue una de las fundadoras de la rama de Historia de las mujeres. En 1963, mientras estaba estudiando en la Nueva Escuela de Investigaciones Sociales, impartió el curso “Grandes mujeres en la historia americana”, considerado como el primer curso universitario regular impartido en esta materia.""  ""En la Universidad Sarah Lawrence, donde Lerner enseñó desde 1968 hasta 1979, estableció el primer máster en Historia de las mujeres e introdujo el primer programa de doctorado sobre el tema en la Universidad de Wisconsin-Madison. También trabajó en la Universidad de Duke y en la Universidad de Columbia.""  ""Su obra más conocida es La creación del patriarcado (1986) y La creación de la conciencia feminista (1993) y constituye la segunda parte de la primera obra. Los temas que desarrolla son el estudio histórico del surgimiento de la conciencia feminista y las diferentes formas de resistencia que han sido desarrolladas por las mujeres. En él documenta doce siglos en los que las mujeres han luchado por liberarse del pensamiento patriarcal y por construir una conciencia feminista.""  ""Fue presidenta de la Organización de Historiadores de Estados Unidos entre 1980 y 1981, y en 1980 fue nombrada profesora de Historia en la Universidad de Wisconsin-Madison, donde dio clases hasta retirarse en 1991.""  Fuente: Wikipedia",2022-12-05,3029809,50.5,False,es,https://open.spotify.com/episode/7hE6Jk7DdQyUKHRIpT8U1j,
6LqqJjfZgBSfWUEjFeCeln,FEMINISMO RADICAL,,239sII2TgEPCSr4h2ZJIap,LA HEREJÍA LESBIANA de Sheila Jeffreys. Capítulo 1: La creación de la diferencia sexual,"LA HEREJÍA LESBIANA  de Sheila Jeffreys. Capítulo 1: La creación de la diferencia sexual La sexología de los años 20 abre una brecha entre ""lesbianas sexuales"" y lesbianas feministas radicales. Las ""lesbianas sexuales"" tomaron las definiciones y modos de conducta de la heterosexualidad y del porno (la diferencia de poder, los juegos de rol, la violencia, el BDSM, ...) construyendo así un modelo de lesbiana y de relaciones entre lesbianas que se alejaban de los planteamientos feministas. En los años 80 vuelve a surgir un grupo de lesbianas que retoman estas ideas de los años 20, con conceptos opuestos a las ideas del feminismo radical lesbiano de los 70.",2022-12-03,2830605,47.2,False,es,https://open.spotify.com/episode/239sII2TgEPCSr4h2ZJIap,
2jyXLBhkU1otwehBideHxn,Feminismo sin filtro,,64A3GnHPYizhIgTax2pTRw,#FeminismoSinFiltro🎙️: #DUELO #Feminismo, #FeminismoSinFiltro🎙️: #DUELO #Feminismo  #DesdeElNorte 🌵 #LaHoraTrasnochada🕒 #FeminismoSinFiltro🎙️: #DUELO #Feminismo Suscríbete en YouTube canal Marcelino Gómez Brenes Síguenos en Twitter: @Gomez_Brenes Facebook: Marcelino Gómez Brenes #DesdeElNorte 🌵 #LaHoraTrasnochada🕒 #FeminismoSinFiltro🎙️  ,2023-08-29,3442544,57.4,False,es-MX,https://open.spotify.com/episode/64A3GnHPYizhIgTax2pTRw,
2jyXLBhkU1otwehBideHxn,Feminismo sin filtro,,4T26IEqqgW8BFB92YtUiOT,La masturbación femenina,"Históricamente a las mujeres se nos ha negado nuestro derecho al placer sexual pleno: incluso se nos ha criminalizado. Nadie nos enseñó a autoexplorarnos, a conocernos para descubrir lo que nos gusta en el sexo. La masturbación abre la posibilidad de sentir placer sexual de forma autónoma, y sobretodo de experimentar lo que nos gusta y lo que no. El objetivo debe ser vivir de forma libre y plena nuestra sexualidad, dejar de sentir culpa y de vivir estos procesos naturales desde la misma, rompiendo cadenas y experimentando mucho auto-placer .",2022-05-04,1338226,22.3,False,es-MX,https://open.spotify.com/episode/4T26IEqqgW8BFB92YtUiOT,
2jyXLBhkU1otwehBideHxn,Feminismo sin filtro,,4eIQtKysWwAZmm5GfyfYfb,Sobreexigencia femenina,"El capitulo de hoy trata de identificar las distintas sobreexigencias femeninas, que sufrimos todas, todos los días; en la vida personal, en el espacio privado, en el ámbito profesional e incluso en la política.  Reflexionaremos nuestro papel ante ellas y como podemos combatirlas, porque las mujeres, también somos humanas; y tenemos aciertos y desaciertos.",2022-03-23,1131389,18.9,False,es-MX,https://open.spotify.com/episode/4eIQtKysWwAZmm5GfyfYfb,
2jyXLBhkU1otwehBideHxn,Feminismo sin filtro,,0StGkxfGYEE16VKp8SYKFK,"8M, Día Internacional de las Mujeres","En el capítulo de hoy les compartiremos diversas reflexiones sobre el 8M ""Día Internacional de las Mujeres"": Nuestra experiencia en la marcha y las diversas expresiones dentro de la misma. Las luchas de nuestras ancestras y las que seguimos dando todas las mujeres, para que la igualdad sustantiva sea una realidad. ""Los feminismos"" y su importancia Las acciones y compromisos posteriores al 8M.",2022-03-16,1555905,25.9,False,es-MX,https://open.spotify.com/episode/0StGkxfGYEE16VKp8SYKFK,
2jyXLBhkU1otwehBideHxn,Feminismo sin filtro,,01LPXI59dVOp9urpZZmK4X,Los límites,"En el capítulo de hoy hablamos de “Los límites” De como la cultura patriarcal históricamente ha impedido que las mujeres pongamos límites sobre nuestras relaciones ya que se nos inculca que “calladitas nos vemos más bonitas”.  Elegir poner límites también es autocuidado y nosotras tenemos derecho a definir que queremos, como lo queremos y cuando lo queremos. Decir que no, es también decirnos sí a nosotras mismas, decirnos sí porque merecemos elegir que queremos vivir y que no, en nuestras vidas.",2022-02-23,1555905,25.9,False,es-MX,https://open.spotify.com/episode/01LPXI59dVOp9urpZZmK4X,
2jyXLBhkU1otwehBideHxn,Feminismo sin filtro,,0dppKpaOHue4SuHNubKMz2,En el capítulo de hoy hablamos de las violencias en el noviazgo,"La violencia en el noviazgo es algo estructural patriarcal hegemónico e injusto para las mujeres. La violencia que pareciera sutil puede escalar a violencia física, sexual o incluso feminicida.  Las mujeres también ejercemos y promovemos violencia en las relaciones de noviazgo porque crecimos en el modelo patriarcal de las relaciones de pareja. Darnos cuenta que vivimos o ejercemos violencia no solo es difícil, también es doloroso porque tenemos que decidir salir de ese círculo de violencia o de la relación misma",2022-02-16,1562906,26.0,False,es-MX,https://open.spotify.com/episode/0dppKpaOHue4SuHNubKMz2,
2jyXLBhkU1otwehBideHxn,Feminismo sin filtro,,0TB0gi6eaEPGeTksGvCFMv,Hablemos del 14 de febrero el “Día de San Valentín”,1. ¿De dónde viene el origen de este día?  2. ¿Cómo utiliza este día la mercadotecnia para reforzar los estereotipos de género? 3. ¿Quienes son las almas gemelas y porque “debemos” encontrarlas? 4. Realmente ¿es importante el Día de San Valentín?,2022-02-10,1389816,23.2,False,es-MX,https://open.spotify.com/episode/0TB0gi6eaEPGeTksGvCFMv,
2jyXLBhkU1otwehBideHxn,Feminismo sin filtro,,1W8KoM5FGWhJy626pinCFv,Los casi algo,"El capítulo de hoy “Los casi algo” 1. ¿Qué son los casi algo? ¿Cómo definimos esas relaciones significativas que no llegan al status de noviazgo o de relación formal? 2. ¿Porqué perder un casi algo es igual o más doloroso que la ruptura de una relación tradicional? 3. ¿Cómo construimos relaciones con base en acuerdos, comunicación  y necesidades de las dos personas ? 4. En los casi algo ¿cabe el amor?",2022-02-03,1796101,29.9,False,es-MX,https://open.spotify.com/episode/1W8KoM5FGWhJy626pinCFv,
2jyXLBhkU1otwehBideHxn,Feminismo sin filtro,,6ysuOI5z7xK7a1detFptjc,El desapego emocional,"Hoy platicaremos sobre el apego y el desapego, lo que nos cuesta y nos ha costado construir relaciones desde otra perspectiva y el trabajo que cuesta mirarlo desde el feminismo.",2022-01-26,1607183,26.8,False,es-MX,https://open.spotify.com/episode/6ysuOI5z7xK7a1detFptjc,
2jyXLBhkU1otwehBideHxn,Feminismo sin filtro,,0fm3PYtZ4kaLr4epJ28vYa,Hablemos del cáncer de mama.,"Octubre el mes rosa, el mes que conmemoramos a todas las mujeres que perdimos a causa del cáncer de mama y que concientizamos a las que están aquí a autoexplorarse.",2021-10-28,1019402,17.0,False,es-MX,https://open.spotify.com/episode/0fm3PYtZ4kaLr4epJ28vYa,
3mzzTLeTcqUJugBwHWBmSN,Feminismo de Estar por Casa,,7nKLOoYdiaXE5obiGbgWhT,Entendiendo los feminismos - T02E14 - Feminismo de Estar por Casa,"¿Sabías que no hay un solo feminismo? 👀En este episodio te explicamos:💥 liberal💥 radical💥 queer💥 interseccional… y másDistintas formas de verlo, mismo objetivo.Si alguna vez te has liado con esto, este episodio es para ti.👉 Episodio 14 también en YouTube",2026-04-23,2429550,40.5,False,es,https://open.spotify.com/episode/7nKLOoYdiaXE5obiGbgWhT,
3mzzTLeTcqUJugBwHWBmSN,Feminismo de Estar por Casa,,6G77hCk2ycdI9gu7mSeo02,Prostitución - T02E13 - Feminismo de Estar por Casa,"Capítulo 13. Prostitución.Un tema incómodo, lleno de trampas y de silencios.Hoy hablamos de poder, de dinero, de cuerpos y de desigualdad. Sin recetas mágicas y sin edulcorar nada. Feminismo, del de pensar y remover.",2026-02-11,2781472,46.4,False,es,https://open.spotify.com/episode/6G77hCk2ycdI9gu7mSeo02,
3mzzTLeTcqUJugBwHWBmSN,Feminismo de Estar por Casa,,32SqCAE6vzCuUzBHNhN6iz,Ética del cuidado - T02E12 - Feminismo de Estar por Casa,"Empezamos el año hablando de cuidado.Del cuidado como ética, como valor y como propuesta feminista.En este episodio nos acercamos a la ética de los cuidados de Carol Gilligan y reflexionamos sobre por qué poner la vida en el centro sigue siendo un acto profundamente político. 💜#FeminismoDeEstarPorCasa #EticaDeLosCuidados #CarolGilligan #Feminismo #CuidarEsPolitico #PodcastFeminista",2026-01-14,2654691,44.2,False,es,https://open.spotify.com/episode/32SqCAE6vzCuUzBHNhN6iz,
3mzzTLeTcqUJugBwHWBmSN,Feminismo de Estar por Casa,,3J7NjStnQYjyV3YkOrIULf,"Autodefensa feminista en Navidad, parte 2 - T02E11 - Feminismo de Estar por Casa","En esta segunda parte de Autodefensa feminista en Navidad seguimos desmontando mitos antifeministas que aparecen una y otra vez en conversaciones cotidianas.Un episodio para tener argumentos, protegerte y recordar que no todo vale cuando se habla de derechos.",2025-12-23,1478646,24.6,False,es,https://open.spotify.com/episode/3J7NjStnQYjyV3YkOrIULf,
3mzzTLeTcqUJugBwHWBmSN,Feminismo de Estar por Casa,,0LVu6sDFjRusHHdTJb5acQ,Autodefensa feminista en Navidad · Parte 1,"Cenas familiares, quedadas con amistades, comidas de empresa… y los mismos bulos de siempre.En esta primera parte de Autodefensa feminista en Navidad desmontamos algunos de los discursos antifeministas más repetidos y hablamos de cómo afectan a las mujeres.Un episodio para escuchar, reflexionar y no tragarse mitos disfrazados de opinión.",2025-12-17,1930785,32.2,False,es,https://open.spotify.com/episode/0LVu6sDFjRusHHdTJb5acQ,
3mzzTLeTcqUJugBwHWBmSN,Feminismo de Estar por Casa,,0dKWh1hpNzHDmosEwdPrxX,Cuotas y acciones positivas - T02E09 - Feminismo de Estar por Casa,"⚖️ Cuotas y acciones positivas: medidas para equilibrar oportunidades donde históricamente algunos grupos han estado excluidos.💪 En oposiciones físicas como policía o bomberos, 🗳️ También se aplican en listas electorales y cargos de responsabilidad, para garantizar representación y talento.🗨️ Comenta: ¿crees que estas medidas ayudan a construir igualdad real o hay otra forma de hacerlo?",2025-11-26,2162428,36.0,False,es,https://open.spotify.com/episode/0dKWh1hpNzHDmosEwdPrxX,
3mzzTLeTcqUJugBwHWBmSN,Feminismo de Estar por Casa,,0QJ6pBP1R2AUl5fSQA8yGB,¿El Lenguaje es sexista? - T02E08 - Feminismo de Estar por Casa,"💬 ¿El lenguaje es sexista?Las palabras importan. Moldean cómo pensamos, cómo vemos a las personas y hasta cómo nos relacionamos. En nuestro nuevo episodio hablamos del lenguaje inclusivo, micromachismos cotidianos… y de por qué nombrar es también existir.👉 ¿Crees que el lenguaje puede cambiar la realidad?Cuéntanos en comentarios. Debate sano, que aquí se viene a aprender 💜✊🎙️ Feminismo de Estar por Casa",2025-11-09,1763137,29.4,False,es,https://open.spotify.com/episode/0QJ6pBP1R2AUl5fSQA8yGB,
3mzzTLeTcqUJugBwHWBmSN,Feminismo de Estar por Casa,,3uOf1hITj1IaqYPRaa4HgR,Las SinSombrero - E02T02 - Feminismo de Estar Por Casa,Se quitaron el sombrero… y el miedo. 🎩✨Las Sinsombrero fueron mujeres brillantes que la historia quiso olvidar.Hoy les devolvemos la voz. 💜,2025-10-20,1777905,29.6,False,es,https://open.spotify.com/episode/3uOf1hITj1IaqYPRaa4HgR,
3mzzTLeTcqUJugBwHWBmSN,Feminismo de Estar por Casa,,0v2OgiVY5BP8a8DRjsyHGK, Amor. Una Mirada Feminista (T02E01) - Feminismo de Estar por Casa.,"Comenzamos temporada 2.Repensar el amor también es feminismo, hablamos del amor que cuida, no del que duele.De querernos sin perdernos, desde la ética de los cuidados. 💜#FeminismoDeEstarPorCasa #AmorFeminista #EticaDelCuidado #Sororidad",2025-10-06,2161406,36.0,False,es,https://open.spotify.com/episode/0v2OgiVY5BP8a8DRjsyHGK,
3mzzTLeTcqUJugBwHWBmSN,Feminismo de Estar por Casa,,5074vU91Pw0HE3okRgresX,05 - Violencia Machista: La realidad frente al ruido - Feminismo de estar por casa,"¿Denuncias falsas? ¿Hombres desprotegidos?Desmontamos los bulos más repetidos sobre la Ley de Violencia de Género, con argumentos jurídicos y mucha claridad.Porque el machismo no solo niega la violencia. También miente sobre ella.",2025-06-14,2128526,35.5,False,es,https://open.spotify.com/episode/5074vU91Pw0HE3okRgresX,
3ZmdtWdDJKDsrlli14Mkze,Feminismos desde el armario,,0haQpDCdNLDgqBscmnvmoL,"Fracaso #4. Infancia, Chicken Run, La Vergüenza.","En este episodio hablamos sobre la infancia, y su deber ser normativizada. Dice Jack: “la lectura queer además rechaza que las temáticas radicales de las películas de animación sean desprestigiadas como algo “infantil”, cuestionando ese orden temporal que identifica los sueños de transformación con lo “preadulto” y que afirma qe acomodarse al presente disfuncional es lo propio del mundo adulto normativo.”  Hablamos de Chicken Run y su revolución feminista, antiespecista y marxista, con el ojo muy atento al tema de la corporeidad que se les escapó a los comunistas y no se le escapa a Pixarvolt.  En la Hemeroteca de los fracasos Pao, Clau y Tole nos comparten fracasos maravillosos y tocamos LA VERGÜENZA, la PERFORMATIVIDAD del éxito-fracaso, y el error de usar las herramientas del amo para destruir la casa del amo, que ya nos avisaba Audre Lorde.   Aderezamos con un poquito de síndrome de la impostora, un ánimo disciplinario, y Toy Story.",2023-03-16,2747820,45.8,False,es,https://open.spotify.com/episode/0haQpDCdNLDgqBscmnvmoL,
3ZmdtWdDJKDsrlli14Mkze,Feminismos desde el armario,,5wCrQCKryoIyGQlaxQxbTE,Fracaso #3. Sospecha de las Conmemoraciones.,"La universidad como saber encarcelado, normado y disciplinario, también el Estado. La comunidad fugitiva de pensadores marginados que rechazan, resisten y reniengan de las demandas de “rigor”, “excelencia” y “productividad” y nos dicen que robemos de la universidad, de Moten y Harney. “Formas de pensar que no se vinculan al rigor y al orden sino a la inspiración y a lo impredecible”, Jack H. Eve Kosofsky Sedgwick “la ignorancia es tan poderosa y múltiple como el conocimiento”. Jacotot, que resume su pedagogía así “es necesario que les enseñe que no tengo nada que enseñarles”. “Sospecha de las conmemoraciones (...) la memoria en sí es un mecanismo disciplinario que selecciona lo que es “importante” (las historias de triunfo) (...) En este libro olvidar se convierte en una forma de resistir a las lógicas grandiosas y heroicas para liberar nuevas formas de memoria relacionadas más con lo espectral que con las pruebas fehacientes, más con genealogías perdidas que con herencias, más con el borrado que con la inscripción.” Memoria sí, y memoria no. Abajo las personas cultas. No queremos un feminismo del todo, un feminismo absoluto que nos de soluciones a todo como una macro empresa farmaceútica, no queremos un monopolio de teoría feminista que nos diga qué está bien y qué está mal como dios en el juicio final. Las pequeñas grietas en cultura pop, darle otros sentidos a la forma de mirar el mundo que ya habitamos sin remedio, es una forma más que interesante de hacer la revolución.  LA HEMEROTECA DE LOS FRACASOS:  Fracasar en el deporte (patinar), por Lau, y fracasar en la profesión de la fotografía, por Clari <3<3 En los comentarios hablamos de cómo follan nacionalismo y éxito gracias al deporte, las narrativas de la positividad tóxica en el deporte y el trabajo, nos haremos un gran ¡abajo el trabajo! Valoremos las cosas que NO nos hacen ser mejores, hay que equilibrar la balanza. Si estás perdiendo el tiempo, o haciendo algo que de ninguna manera te asciende en esa vara, estarás haciendo algo de valor para este espacio y revolucionario para las brechitas. Hacer cosas que se nos “den mal” o en las que no tengamos nada que mejorar, es toda una lección de sabiduría.",2023-01-22,3160946,52.7,False,es,https://open.spotify.com/episode/5wCrQCKryoIyGQlaxQxbTE,
3ZmdtWdDJKDsrlli14Mkze,Feminismos desde el armario,,6oqcUOV3OycepWFxFyQ3ON,"Fracaso #2. Pequeña Miss Sunshine, la perspectiva de las perdedoras","El Arte Queer del Fracaso de Jack Halberstam, Pequeña Miss Sunshine con trailer y todo (spoiler alert), la lógica de la competitividad, la sabiduría de Arnold Schwarzenegger, dejar de dejarnos impresionar (por Shakira), el ""credo neoanarquista de pededores eufóricos: “¡no dejemos a nadie atrás!”, capital erótico, Gordura y Deseo de Komando Gordix y Yes We Fuck!, un rayo de sol que produce luz y sombra en igual medida, la hemeroteca de los fracasos con Silvia Agüero.",2023-01-14,1972088,32.9,False,es,https://open.spotify.com/episode/6oqcUOV3OycepWFxFyQ3ON,
3ZmdtWdDJKDsrlli14Mkze,Feminismos desde el armario,,2JVfEgah2Pd9cjiLOnjRUo,Fracaso #1. El Arte Queer del Fracaso de Jack Halberstam,"Primer episodio de la serie sobre El Fracaso: viva el libro El Arte Queer del Fracaso (2011) de Jack Halberstam, interseccionalidad o nada, el éxito y el fracaso viven en lo más profundo de nuestra imaginación, Baja Teoría y Baja Cultura para desengrasar un mundo elitista, el análisis de La Boda Ideal y abajo la Positividad Tóxica y el ilusionimo de la individualidad.",2023-01-11,2408986,40.1,False,es,https://open.spotify.com/episode/2JVfEgah2Pd9cjiLOnjRUo,
3ZmdtWdDJKDsrlli14Mkze,Feminismos desde el armario,,4o6TM7swjnfOUGJyiDG8eh,"I Festival de Podcast en Vivo #RegularizaciónYa con Silvia Agüero, Pamela Palenciano, Nüll García y Cristina Fallarás.","Participamos en el I Festival de Podcast en Vivo organizado por el movimiento #RegularizaciónYa. Presentación de Moha Gerehou, y participación de Silvia Agüero, Pamela Palenciano, Nüll García y Cristina Fallarás: un lujazo.  Estamos en la recta final de la recogida de firmas #RegularizaciónYa, hemos superado las 400.000 pero necesitamos 500.000 en diciembre, así que no esperes para pedir tu pliego (no se puede firmar online) y conseguirlo! La info de cómo hacerlo está en https://esenciales.info/  Y para ver el vídeo entero: https://youtu.be/fdMwE0Jvmyc",2022-10-22,2801319,46.7,False,es,https://open.spotify.com/episode/4o6TM7swjnfOUGJyiDG8eh,
3ZmdtWdDJKDsrlli14Mkze,Feminismos desde el armario,,4bOPtgE75erxIcpe0hQiKz,Urbanismo feminista con Marta Arrizabalaga y Claudia Pereira,"Con Marta Arrizabalaga Martín, arquitecta, y Claudia Pereira Martín, pasajista.  En la imagen, Jane Jacobs  Hablamos de qué pasa cuando miramos las ciudades, barrios y pueblos con una mirada feminista interseccional y qué propuestas existen para revertir, convulsionar o remover al menos el poder en los espacios. Tuvimos un episodio con Lina Castellanos y con Lina ya comenzamos a explorar la colonialidad, clasismo y machismo de la calle.  Collectiu Punt 6 definen cinco cualidades del urbanismo feminista: 1. Proximidad (abajo las areas monofuncionales!) 2. Diversidad (de espacios, bio-diversidad, y de personas) 3. Vitalidad (vida en la calle, imprescindible pedir ayuda y sentirse segura) 4. Autonomía (accesibilidad universal, percepción de seguridad) 5. Representatividad (participación decisiones, cartografías y nombres de calles y plazas, memoria).  Tenemos experiencias de ciudad muy diferentes según quien seamos: pensad en la experiencia de ciudad de una niña o de una persona mayor o de una persona con pluma o de una persona racializada: sus ritmos y necesidades van a ser muy diferentes, y su seguridad y percepción de seguridad también.  ¡Seguid la nueva cuenta de Instagram @feminismosarmario para todas las novedades!",2021-07-30,3636480,60.6,False,es,https://open.spotify.com/episode/4bOPtgE75erxIcpe0hQiKz,
3ZmdtWdDJKDsrlli14Mkze,Feminismos desde el armario,,3IE5fTYUxpEa2yfu6qqRfr,"Monique Wittig #2: ""Las lesbianas no somos mujeres""","Las entrañas del ensayo 'El Pensamiento Heterosexual' de Monique Wittig, célebre pensadora y escritora feminista. Hablamos sobre destruir las categorías 'hombre' y 'mujer', sobre la importancia de los Conceptos, sobre 'esencialista' como el insulto ideal, sobre ""tú-serás-heterosexual-o-no-serás"", sobre la heteronorma y el amor romántico, sobre sexo y sexualidad, sobre la otredad como fundacional de la Sociedad Heterosexual, sobre lo política que es la sexualidad y un pelín sobre 'abolir el género', sobre cómo deslocalizamos el machismo (y el racismo) para ponerlos en otro lado, nos metemos un poquito con el psicoanálisis y acabamos de una manera épica.",2021-07-17,2450599,40.8,False,es,https://open.spotify.com/episode/3IE5fTYUxpEa2yfu6qqRfr,
3ZmdtWdDJKDsrlli14Mkze,Feminismos desde el armario,,1xfyOnbyR6j9NpZioN9LWk,Monique Wittig #1: feminismo materialista francés,"Arrancamos la serie sobre El Pensamiento Heterosexual (1978/1980), el ensayo más representativo de Monique Wittig, representante del feminismo materialista francés y referente para feminismos lesbianos y queer posteriores. ¿Por qué Wittig odia a los psicoanalistas y a Lacán? Yo te lo cuento.",2021-04-10,1972088,32.9,False,es,https://open.spotify.com/episode/1xfyOnbyR6j9NpZioN9LWk,
3ZmdtWdDJKDsrlli14Mkze,Feminismos desde el armario,,5VREZ4JZhxhumuyXeXTdAE,#LeyTrans: en apoyo y solidaridad,"El pasado 31 de marzo celebramos del Día Internacional de la visibilidad trans, y muchas personas me han preguntado por el ""debate"" sobre la Ley Trans que algunas feministas rechazan. Os presento en este episodio excepcional sobre actualidad mi opinión y todo mi apoyo y solidaridad a la Ley Trans y a la lucha transfeminista. Basta de transfobia.",2021-04-09,1317172,22.0,False,es,https://open.spotify.com/episode/5VREZ4JZhxhumuyXeXTdAE,
3ZmdtWdDJKDsrlli14Mkze,Feminismos desde el armario,,3D4BWEpKb51pbLcplfZeGb,"con Lina Castellanos: muralismo, colonialidad y calle.","Entrevista-conversatorio con Lina Castellanos, integrante del colectivo muralista Dúo Amazonas (@duoamazonas en instagram). Hablamos del oficio del muralismo, de qué significa y qué riesgos tiene penetrar el espacio público. A Lina le preocupan la colonialidad del espacio, del pensamiento, y de la belleza. Ciudades, urbanismo y mundo rural. https://www.instagram.com/duoamazonas/",2021-01-02,3805910,63.4,False,es,https://open.spotify.com/episode/3D4BWEpKb51pbLcplfZeGb,
3U3VqKz54X7ixs3yNgIyaU,Sangre Fucsia,,2uddNZLQk3HDeq0fubzoFJ,Sangre Fucsia #271 - Herstóricas Fucsia – Edición celebración,"Hoy estamos de fiesta fucsia. Celebramos todas las temporadas, las voces que han pasado por aquí, los vínculos  y las alianzas feministas que se han tejido. Somos la víscera, el puñetazo, la hemorragia. Somos celebración,  espacio colectivo feminista, memoria, comunidad para nosotres y para muchas y muches.   Seguro que ya lo sabéis todas y todes, pero empezamos ya hace unos cuantos años. Sangre Fucsia nace en Madrid en febrero de 2013 y estos decíamos en aquel entonces: “Amamos la radio como vía para oír, comunicar y unir. Necesitamos escuchar y hacer radio en directo, frente a los micros, trasteando en los controles técnicos y usando únicamente la voz y el sonido para compartir todas las cosas interesantes que hace la gente a nuestro alrededor. El de hacer radio es un deseo visceral, tan fuerte e intenso como la sangre. Y teñido de un fucsia que engloba y va más allá del violeta, del rojinegro, del rosa, del arcoiris.”  Han pasado 270 programas, pero lo que llamamos “espíritu fucsia” no ha cambiado. Para celebrar lo que somos y lo que hemos sido, nos acompañan aquí en el estudio las que fueron parte de Sangre Fucsia:  Dianespotting, Pasolina y Gaelx, y también tendremos por audio a Roma. Qué empiece herstóricas fucsia, qué empiece la celebración.",2026-05-04,3580128,59.7,False,es,https://open.spotify.com/episode/2uddNZLQk3HDeq0fubzoFJ,
3U3VqKz54X7ixs3yNgIyaU,Sangre Fucsia,,2GAbvHdYxtrednrhDRiGSt,Sangre Fucsia #270 - Vidas en Resonancia: interdependencia radical -,"A veces, parece que nos hemos quedado sin horizonte: el mundo en el que vivimos está atravesado por crisis profundas —ecológicas, sociales, políticas— y  muchas de las herramientas con las que intentamos transformarlo parecen quedarse cortas. Nos movemos entre la urgencia de actuar y la sensación de que  damos vueltas sin salir de la rotonda. De ahí nace una inquietud compartida: ¿cómo construir respuestas  transformadoras sin repetir las mismas lógicas?, ¿cómo mirar a las crisis y a nosotras mismas de una forma que permita este cambio?  En este programa vamos a acercarnos a una propuesta que invita a mirar la política desde otro lugar: la insurrección micropolítica. Una mirada que no solo se pregunta por las grandes estructuras de poder, sino también por cómo están hechas nuestras formas de sentir, relacionarnos y organizarnos. ¿Qué significa reconocer que somos radicalmente interdependientes? ¿Qué papel juegan nuestros cuerpos, nuestros malestares y nuestras emociones en la construcción de lo común? ¿Cómo podemos pasar de la individualización que nos separa a formas de vida verdaderamente colectivas?  Para explorar estas preguntas hoy tenemos con nosotras en el estudio a Sira del Río Agudín y Amaia Pérez Orozco, autoras del texto “Germinando palabras para la insurrección micropolítica”. Con ellas hablaremos de los  nudos que entraman su propuesta: la interdependencia radical, el cuerpo colectivo, la liberación de los “monstruos” que hemos aprendido a esconder, o la necesidad de inventar nuevas palabras para nombrar lo que nos pasa. Partimos de inquietudes, de preguntas abiertas y también de un deseo: el de pensar en común, sin recetas cerradas, cómo podemos reconstruir la trama de la vida que nos sostiene.",2026-03-22,4195457,69.9,False,es,https://open.spotify.com/episode/2GAbvHdYxtrednrhDRiGSt,
3U3VqKz54X7ixs3yNgIyaU,Sangre Fucsia,,115VqTs1MA57zSm2JSlyzN,Sangre Fucsia #269 - Palestina -,"Desde hace décadas, el pueblo de Palestina vive bajo el asedio, el despojo y la ocupación de sus territorios por parte de Israel, una realidad marcada por el exilio forzado, la violencia y la pérdida continua de sus hogares y de su tierra. En los últimos años, esta situación se ha agravado de forma dramática, con un genocidio que se difunde en tiempo real y que cuenta con la complicidad, el silencio y la inacción de gran parte de la comunidad internacional.  Ante esta situación han surgido en todo el mundo actos de solidaridad, colectivos y plataformas que articulan el apoyo y la resistencia junto al pueblo palestino, generando espacios de denuncia, acompañamiento y acción política.  A través de estas ondas fucsias queremos seguir hablando de Palestina, de resistencia y lucha y por eso hemos invitadohoy a Cecilia y María, de Marea por Palestina, y a Ricci, de la Acampada de Estudiantes por Palestina. Y también nos acompañará por conexión telefónica Nef, de Gaza al Mundo.  Estamos por aqui Valentina y yo Rebeca, Elis en los controles, todo listo en nuestro estudio de la Eskalera Karakola, que empiece Sangre Fucsia.",2026-02-22,3386055,56.4,False,es,https://open.spotify.com/episode/115VqTs1MA57zSm2JSlyzN,
3U3VqKz54X7ixs3yNgIyaU,Sangre Fucsia,,4FPIcOC9NizrFGFclZWBWr,Sangre Fucsia #267 - Resistencia,"Una peculiaridad interesante de la palabra resistir, es que, por una parte, significa tolerar, aguantar, sufrir pero, al mismo tiempo, quiere decir oponerse con fuerza a algo. Mantenerse firme frente a una agresión externa, si conjugamos dos significados que son opuestos solo en apariencia. Y de los dos vamos a ocuparnos. Hoy, en Sangre Fucsia, Valentina entrevista a Emanuela Borzachiello, autora de ¡rExistimos! El feminicidio y la telaraña de poderes; Rebeca nos hablará sobre cómo resistir al olvido, Vivi nos explicará por qué resistir es vivir y yo, María, os traigo unas breves pildoritas de herstory resistente. Con Elis DJ a los controles, ya está la guerrilla fucsia preparada. Pertrechaos bien que arrancamos ¡empieza, Sangre Fucsia!",2026-02-07,3519432,58.7,False,es,https://open.spotify.com/episode/4FPIcOC9NizrFGFclZWBWr,
3U3VqKz54X7ixs3yNgIyaU,Sangre Fucsia,,0jZdIuYoAKWng2gPXBzDuR,Sangr Fucsia #266 - cultura de la Cancelación -,"La definición general de lo que es la cancelación podría ser algo asi como un juicio social que señala a alguien o a una comunidad por acciones o palabras consideradas censurables o cancelables y generalmente sin posibilidad de diálogo. Su impacto se amplifica través de redes sociales y medios de comunicación,  afectando especialmente, según Amnistía Internacional, a mujeres y colectivos LGTBIAQ+. La cancelación genera miedo, autocensura y polarización, poniendo en juego derechos fundamentales como la libertad de expresión y de reunión. Lo que comenzó como una herramienta para visibilizar y señalar públicamente, como el movimiento #MeToo, hoy se percibe como una práctica controvertida que ya no se limita a las redes sociales, sino que también influye en la manera en que reaccionamos en la vida cotidiana y en nuestras comunidades.  Amigues os damos la bienvenida a nuestro programa 266, el último del año 2025, y os invitamos a pensar con nosotres y en vuestras colectivas sobre este temazo. Para conversar sobre ello, hoy nos acompañan Vivi, María, Valentina y yo mismo Rebeca. A los controles de nuestro estudio en  la Eskalera Karakola, esta Elis Dj, que empiece sangre fucsia!",2025-12-16,3289597,54.8,False,es,https://open.spotify.com/episode/0jZdIuYoAKWng2gPXBzDuR,
3U3VqKz54X7ixs3yNgIyaU,Sangre Fucsia,,7letwuuzVwz1LFI0zgDbY7,Sangre Fucsia #265 - Espiritualidad Fucsia -,"Como los pantalones a cuadros o las gafas de pasta, cada cierto tiempo, la espiritualidad vuelve a ponerse de moda. Desde hace un tiempo, nos encontramos en pleno revival de un tema que, aunque nunca se ha ido, parecía haber quedado un poco apolillado tras los últimos coletazos del rollito new age. Pero siempre sigue ahí. No tenemos más que asomarnos a la huella de la espiritualidad, religiosa o no, de nuestras predecesoras, las sacerdotisas, monjas, o druidas, que se hicieron su hueco dentro la vida espiritual de su entorno, o las brujas y herejes que quisieron dinamitar sus límites. Y, por supuesto, las pensadoras, intelectuales y tantas mujeres sin estudios que lucharon contra el oscurantismo y las cadenas de una espiritualidad impuesta y al servicio de la explotación y el control de las personas, especialmente de las mujeres. Ahora, la cosa del espíritu vuelve con fuerza y lo hace en formas más o menos inofensivas, como discos de Rosalía u horóscopos de instagram, pero también en otras mucho más inquietantes, como ciertas posturas esencialistas o el repunte de movimientos religiosos tradicionalistas. En la edición màs mística de Sangre Fucsia, Rebeca nos habla de la película Los domingos, del feminismo espiritual de Marilu Rojas Salazar y del Lux de Rosalia. Ademàs, contamos con dos invitadas de lujo: Elis nos trae las palabras de Damcho (ex- monja budista, feminista) y Valentina entrevistará a Pepa Torres, monja y activista, que nos acompaña hoy en el estudio fucsia. Sacad las velas, el incienso y encomendaos a vuestras diosas, santas o influencers favoritas. ¡Empieza Sangre Fucsia!",2025-11-15,4013727,66.9,False,es,https://open.spotify.com/episode/7letwuuzVwz1LFI0zgDbY7,
3U3VqKz54X7ixs3yNgIyaU,Sangre Fucsia,,6PtCdhuVSbYMzizJkjXAyj,SF #264 - Sube el telón: A Panadaría en Sangre Fucsia,"En este episodio nos subimos al escenario —literal y metafórico— con A Panadaría, una compañía teatral que nos tiene muy enamoradas. Formada por Areta Bolado, Noelia Castro y Ailén Kendelman, este trío feminista ha revolucionado el teatro (sobre todo nuestra forma de verlo y sentirlo) con obras que combinan humor ácido, música, investigación y una mirada política que nos interpela desde las elecciones escénicas y el relato colectivo que tiene el protagonismo.  Desde Elisa y Marcela, una revisión pop del primer matrimonio entre mujeres en el Estado español, hasta Las que limpian, un musical potente sobre la lucha de las camareras de piso, A Panadaría ha logrado contar historias necesarias con una estética que nos encanta, un protagonismo total del cuerpo y una fuerza política innegable. Queríamos entender cómo nace y se materializa ese teatro que parte de cuerpos que no se ajustan a la norma, que se nutre de la investigación, del archivo, de alianzas con las que ponen el cuerpo en las luchas, y que logra traducir temas densos como la precarización laboral o la violencia institucional en escenas que hacen reír, llorar y reflexionar, todo al mismo tiempo. Nos interesaba saber cómo transitan ese camino que va del dato a la escena, del testimonio al juego, de la denuncia a la canción. Qué mecanismos creativos les permiten transformar materiales crudos en obras tan potentes sin perder la alegría ni la ternura. También hablamos de música, que no aparece como adorno, sino como una columna vertebral de sus propuestas: ¿cómo se compone una dramaturgia en la que la música dialoga con el cuerpo y el texto como un elemento más de la narración? Reflexionamos juntas sobre qué significa hacer teatro feminista hoy: no solo como contenido, sino como forma de hacer, de crear, de relacionarse entre ellas y con el mundo. Y, en este sentido, nos interesó mucho saber cómo se construye un escenario verdaderamente colectivo: donde no hay jerarquías marcadas, donde los papeles se intercambian, donde el público no es un espectador pasivo, sino una presencia que también modifica la obra. Y, por supuesto, hablamos también de su despedida como compañía. Porque después de años de creación compartida, A Panadaría ha anunciado su decisión de cerrar esta etapa. Les preguntamos cómo se vive una separación así: qué emociones la atraviesan, qué aprendizajes deja y qué caminos se abren para cada una de ellas de ahora en adelante.  Amigas y amigues, ha sido una conversación para celebrar la creación colectiva, la potencia del humor como arma política, la ternura como forma de resistencia y el arte como espacio donde los márgenes se convierten en (nuestro) centro.  Dale al play, que empieza la función fucsia.  Playlist (sin orden) Tataravoa - Fillas de Casandra  Midas - Tanxungueiras  La Lupe - Puro teatro Las odio - Vitaminas",2025-07-16,3547777,59.1,False,es,https://open.spotify.com/episode/6PtCdhuVSbYMzizJkjXAyj,
3U3VqKz54X7ixs3yNgIyaU,Sangre Fucsia,,1STt2cEPSw1VKyKW1W82AZ,Sangre Fucsia 263 - ContrArchivos-,"Mujeres, personas queer, cuerpos disidentes...  Apenas tenemos presencia en los archivos institucionales, existimos en los márgenes y resistimos en el afuera. Nuestras vidas han sido silenciadas y, cuando aparecen, suelen presentarse como algo que debe ser controlado o corregido. Sentir que no tienes derecho al recuerdo, a la reparación, a estar en la memoria y en la historia… también borra parte de quién eres ahora, de tu identidad, del pasado que heredaste y de los futuros que puedes imaginar.  **** Hoy vamos a hacer un contraarchivo sonoro para pensarnos juntes y trazar genealogías de nuestras vidas y luchas. Para ello, contamos con Lucía Simón Montenegro y sus archivos indisciplinados, también está María, que nos hablará de Prehistorias de mujeres, de Marga Sánchez Romero y Valentina nos comparte sobre historia oral y autoconciencia.  A los controles de nuestro estudio en la Eskalera Karakola está Elis DJ y yo Rebeca os doy  la bienvenida a nuestro programa número 263.  ¡Que empiece Sangre Fucsia!",2025-06-24,3485602,58.1,False,es,https://open.spotify.com/episode/1STt2cEPSw1VKyKW1W82AZ,
3U3VqKz54X7ixs3yNgIyaU,Sangre Fucsia,,6jckTQvgY4pPE3pE7AZw6t,Sangre Fucsia #262 -Amor Bi-Bollo-,"Antes que nosotras, hubo muchas, muchísimas otras. Porque desearon, nuestros deseos se han multiplicado, diversificado, visibilizado y liberado (en parte) de normas y mandatos. Porque lucharon, nuestras luchas hoy se cuentan por victorias.  Así comienza el texto de la contraportada de Hamor bibollo, la recopilación de textos sobre amores, ideas y experiencias de personas bolleras y bisexuales que constituye el décimo título de la ya veterana colección Hamor de la editorial Continta me tienes.  Hoy damos la bienvenida a Sangre Fucsia a las autoras de dos de esos escritos, Ana Murillo y Carla Berrocal, que nos contarán cositas interesantes sobre el libro y mucho más. A este lado de los micros, estamos Valentina, Rebeca y María, y Elis DJ a los controles. Poneos cómodas y subid el volumen, empieza Sangre Fucsia.",2025-06-24,3678879,61.3,False,es,https://open.spotify.com/episode/6jckTQvgY4pPE3pE7AZw6t,
3U3VqKz54X7ixs3yNgIyaU,Sangre Fucsia,,486Mv0l17LbEBI5a0uPc4D,Sangre Fucsia #261 Especial Directo EL QUEER,"EL Queer de Madrid, es un festival que nos reúne para celebrar la literatura desde las disidencias, desde lo queer, desde el arte que habitamos y en el que nos reflejamos. Un festival que, como nos gusta a nosotras, se tiñen de fucsia y de celebración, a pesar de los claroscuros. En este episodio en vivo, tenemos el lujo de conversar con tres invitades excepcionales que nos harán viajar por la copla, el arte, la arqueología y la resistencia queer a lo largo del tiempo. Nos acompaña Lidia García García, investigadora y divulgadora que nos enseñó a ver lo queer en lo cañí, Eugenia Tenenbaum, historiadora del arte que nos invita a cuestionar las narrativas que nos han contado, y Mikel Herrán, arqueólogo y divulgador que nos recuerda que la historia siempre es política. Desde el Auditorio 200 del Edificio Nouvel del Museo Nacional Centro de Arte Reina SofÌa, María, Rebeca y yo, Valentina, os guiamos entre preguntas, pilota la parte técnica Elis dj. Así que poneos cómodas, abrid bien los oídos y preparaos para una charla llena de memoria, análisis y, por supuesto, disfrute!",2025-06-01,4674246,77.9,False,es,https://open.spotify.com/episode/486Mv0l17LbEBI5a0uPc4D,
5ui2yRmUutK276L1ggD44c,Feminismos para Entender,,4Cve3lNLK5cC5RnQzYLxjr,De la calle nunca nos fuimos,"En esta producción conjunta de Feminimos para Entender y Entre Nos Media revivimos el Encuentro Regional de mujeres, lesbianas, bisexuales, travestis, trans, intersex y no binarie, Moreno 2022. La voz colectiva nos lleva a conocer la organización de esta experiencia política, que año tras año recorre el oeste y  noroesre del conurbano bonaerense. Participaron de este episodio: Gisela de Conurbanas Transfeministas, Gabriela de  Qataq Estacio Pluricultural, Micaela de Pueblada Danza y Malena Trinchera Socorrista. La música fue registrada durante el encuentro y  pertenece a Kuyen Tambor",2022-10-12,859924,14.3,False,es-AR,https://open.spotify.com/episode/4Cve3lNLK5cC5RnQzYLxjr,
5ui2yRmUutK276L1ggD44c,Feminismos para Entender,,2wRUswV6tcP6YU09I1c2ta,Históricas: Vir Cano,"Hacer de la filosofía y la docencia un lugar de disputa, un lugar de construcción donde repensar las practicas, los vínculos y los propios feminismos es moneda corriente.   Vir Cano se presenta como filosofe, docente y lesbiana, estas tres calificaciones que le construyen y marcan la diferencia a la hora de oírle en una clase, leer sus textos y cruzarse con cualquiera de sus producciones. ",2021-12-12,1245375,20.8,False,es-AR,https://open.spotify.com/episode/2wRUswV6tcP6YU09I1c2ta,
5ui2yRmUutK276L1ggD44c,Feminismos para Entender,,0LW1XMq8L0t0YqR3Z2thcv,Históricas: Virna Molina ,"Pensar el cine desde sus historias por contar y disputando los modos de producción, Virna Molina realizadora integral, documentalista, piensa y lleva a la práctica un cine político que dispone formas de realización por fuera del verticalismo capitalista de la industria tradicional.    ",2021-09-05,1379724,23.0,False,es-AR,https://open.spotify.com/episode/0LW1XMq8L0t0YqR3Z2thcv,
5ui2yRmUutK276L1ggD44c,Feminismos para Entender,,2PjQYef9ET9zO009c260lS,Históricas: Claudia Korol ,"Amalgama popular de comunicación, educación y feminismos, Claudia Korol representa una de nuestras feministas latinoamericanas que lleva a delante la coherencia de la practica. Siempre de la vereda de la libertad y la disputa del poder hegemónico que oprime racial, sexista y económicamente las cuerpas.   Siempre de la vereda Claudia Korol de la vida. ",2021-07-20,1351026,22.5,False,es-AR,https://open.spotify.com/episode/2PjQYef9ET9zO009c260lS,
5ui2yRmUutK276L1ggD44c,Feminismos para Entender,,04Aor6usZ8hOE0IzR6xt28,Históricas: Mónica Macha,"Mónica Macha es actualmente Diputada Nacional, y llega al Congreso con un amplio recorrido en la salud pública y la gestión local en el partido de Morón.  Tal como nos paso a muchas, fue marcada en su camino feministas por otras mujeres, como ser las Madres y Abuelas de Plaza de Mayo y Zulema Palma de Mujeres al Oeste.  A partir de esta práctica de gestión pública y política territorial cuestiona los cánones establecidos de la política formal y marca el paso de los nuevos desafíos, construyendo desde la coherencia, sin mandatos ni disputas vacías.  ",2021-05-23,864014,14.4,False,es-AR,https://open.spotify.com/episode/04Aor6usZ8hOE0IzR6xt28,
5ui2yRmUutK276L1ggD44c,Feminismos para Entender,,2Koet1JdXs23ujnlTtBm0x,Históricas: Lu Gaitán,"Entre teoría marxista, estudio en ciencias políticas, yoga y esoterismo, entre muchas cosas más, se construye una Astrologa Feminista. Lu Gaitán es parte fundante una nueva forma de ver, entender y trabajar la astrología, entendiendo los procesos sociales actuales, las redes sociales e interactuando con todo ello para la construcción de una Astrología Feminista, explicita y orgullosa.    ",2021-04-10,1578213,26.3,False,es-AR,https://open.spotify.com/episode/2Koet1JdXs23ujnlTtBm0x,
5ui2yRmUutK276L1ggD44c,Feminismos para Entender,,3n7EnT0Rbjp90H7BTiN5aR,Históricas: Mónica Santino,"Mónica Santino es pionera del futbol femenino en Argentina, hoy DT y creadora de ""La Nuestra-Futbol Feminista"". En esta entrevista recorre su pasión por la pelota, porqué el futbol es netamente feminista y cómo responde a la libertad de los cuerpos oprimidos históricamente por el patriarcado. Bienvenides a la 2da temporada de Feminismos para Entender Podcast!!!",2021-03-07,1235233,20.6,False,es-AR,https://open.spotify.com/episode/3n7EnT0Rbjp90H7BTiN5aR,
5ui2yRmUutK276L1ggD44c,Feminismos para Entender,,1Oi6gtaa28Z3A9sEeE49SB,"Trailer ""Historicas""","Feminismos para Entender tiene segunda temporada: ""Históricas"" Escucha este trailer de lo que se viene en este ciclo de entrevistas a referentas de distintas disciplinas (Arte, cine, política, futbol) que hacen de los feminismos su elección de vida, desde donde llevan adelante sus prácticas, para ser ""Históricas""   Ig @feminismosparaentender",2021-02-15,77730,1.3,False,es-AR,https://open.spotify.com/episode/1Oi6gtaa28Z3A9sEeE49SB,
5ui2yRmUutK276L1ggD44c,Feminismos para Entender,,3d4GHSUS9DhESRgQvxdSNt,Chau 2020!!!,"Se termina la primer temporada de este podcast y aquí va un pequeño, muy pequeño, resumen de lo que hicimos juntes.  Hasta que se lance la 2da temporada podes escucharte todo x acá y seguir en Ig @feminismosparaetender ,así te enteras todas las novedades de lo que se viene. ",2020-12-23,245075,4.1,False,es-AR,https://open.spotify.com/episode/3d4GHSUS9DhESRgQvxdSNt,
5ui2yRmUutK276L1ggD44c,Feminismos para Entender,,5yLXCawlRK0r1YRt6brsWH,"Revoluciòn en las camas...nuestros deseos, nuestra sexualidad, nuestra revoluciòn. ","Los deseos y luchas por las libertades llegan a todos lados. A las camas, obvio que también.  Para charlar de vulvas, represiones patriarcales, autoconocimiento en busca de mas libertades tendremos la voz de Tati Español, divulgadora y creadora del seminario ""Todo sobre tu vulva"". ",2020-12-13,1077647,18.0,True,es-AR,https://open.spotify.com/episode/5yLXCawlRK0r1YRt6brsWH,
2GXXx3CNGH7pOxIeH8ak7U,(De eso no se habla),,27FHPkmlbnkueQPQOGaEya,8. (Epílogo) | Se llamaba como yo,"Justo cuando estábamos a punto de cerrar esta historia... llegó el expediente que Bego había pedido al Ministerio del Interior. Ese expediente que, pensábamos, podría ayudarnos a entender cómo se había tratado el caso de su hermana. Pero ese expediente contenía algo más: la prueba de que, antes de aquella nota al pie, sus padres habían intentado que alguien los escuchara.Por eso este epílogo. _____________________________Se llamaba como yo es la historia de una mujer que heredó el nombre de su hermana, que murió dos años antes de que ella naciese, víctima de una bomba, en una estación de tren. Es la historia de un silencio: el de una familia que vivió a escondidas el duelo de aquella niña. Un silencio espeso, cotidiano, en el que parecía imposible indagar. Y es, también, la historia del ruido que, cincuenta años después, vino a romperlo. Y de lo que eso significó para todo un país.Una serie documental de Se habla producciones, coproducida con EITB y con el apoyo del Ministerio de Cultura.____________________________________¿Te has quedado con ganas de más? Puedes ver los materiales extra de este episodio en nuestra web, donde también encontrarás una transcripción y los créditos del episodio. También puedes suscribirte a nuestro boletín aquí.Want to listen to this story but don't understand Spanish? Fear not! You can read an English-subtitled version of this episode here. ",2025-06-27,559044,9.3,False,es-ES,https://open.spotify.com/episode/27FHPkmlbnkueQPQOGaEya,
2GXXx3CNGH7pOxIeH8ak7U,(De eso no se habla),,2wfqWHxc98Uc3gdRincUTT,7. La cocina | Se llamaba como yo,"¿Dónde empieza un silencio? ¿Y dónde termina?A veces, una historia no empieza con una fecha, ni con un dato, ni siquiera con una nota al pie. Quizá empieza con algo más difuso, más pequeño, más difícil de fijar: algo que alguien dijo en voz baja, alrededor de una mesa, en una cocina. Un comentario al vuelo. O un rumor. Este episodio vuelve al lugar en el que todo empezó, aunque nadie pudiera saberlo entonces. Y nos obliga a pararnos a escuchar: porque el silencio también tiene una historia, y entenderla requiere escuchar de nuevo, desde el principio. Y desde otro lugar. También para Bego. _____________________________Se llamaba como yo es la historia de una mujer que heredó el nombre de su hermana, que murió dos años antes de que ella naciese, víctima de una bomba, en una estación de tren. Es la historia de un silencio: el de una familia que vivió a escondidas el duelo de aquella niña. Un silencio espeso, cotidiano, en el que parecía imposible indagar. Y es, también, la historia del ruido que, cincuenta años después, vino a romperlo. Y de lo que eso significó para todo un país.Una serie documental de Se habla producciones, coproducida con EITB y con el apoyo del Ministerio de Cultura.____________________________________¿Te has quedado con ganas de más? Puedes ver los materiales extra de este episodio en nuestra web, donde también encontrarás una transcripción y los créditos del episodio. También puedes suscribirte a nuestro boletín aquí.Want to listen to this story but don't understand Spanish? Fear not! You can read an English-subtitled version of this episode here.",2025-06-22,2398500,40.0,False,es-ES,https://open.spotify.com/episode/2wfqWHxc98Uc3gdRincUTT,
2GXXx3CNGH7pOxIeH8ak7U,(De eso no se habla),,3W90nZybKBsgkHFcbHP1r5,6. Las versiones | Se llamaba como yo,"¿Cómo se escribe la historia?Durante años, el nombre de Begoña Urroz circuló por actos oficiales, titulares, discursos en el Congreso. Era la historia pública, la que se contaba en voz alta. Y, mientras tanto, otra historia se iba tejiendo por debajo: más lenta, más fragmentaria, una versión que se iba escribiendo en los márgenes de la historia oficial. Este episodio recorre esas dos corrientes: cuándo se alternan, cuándo se cruzan, cuándo convergen. Y muestra que, a veces, cambiar una fecha no es solo un gesto simbólico: es, también, mover el lugar desde el que leemos nuestro pasado. _____________________________Se llamaba como yo es la historia de una mujer que heredó el nombre de su hermana, que murió dos años antes de que ella naciese, víctima de una bomba, en una estación de tren. Es la historia de un silencio: el de una familia que vivió a escondidas el duelo de aquella niña. Un silencio espeso, cotidiano, en el que parecía imposible indagar. Y es, también, la historia del ruido que, cincuenta años después, vino a romperlo. Y de lo que eso significó para todo un país.Una serie documental de Se habla producciones, coproducida con EITB y con el apoyo del Ministerio de Cultura.____________________________________¿Te has quedado con ganas de más? Puedes ver los materiales extra de este episodio en nuestra web, donde también encontrarás una transcripción y los créditos del episodio. También puedes suscribirte a nuestro boletín aquí.Want to listen to this story but don't understand Spanish? Fear not! You can read an English-subtitled version of this episode here.",2025-06-15,2163708,36.1,False,es-ES,https://open.spotify.com/episode/3W90nZybKBsgkHFcbHP1r5,
2GXXx3CNGH7pOxIeH8ak7U,(De eso no se habla),,3tGN0hc8JCm92PGlkvjMxL,5. El día | Se llamaba como yo,"¿Cómo se elige una fecha?Una fecha puede parecer solo un número en el calendario. Pero a veces se convierte en un monumento: no de piedra, sino de tiempo. Este episodio habla de cómo la fecha del 27 de junio se convirtió en un símbolo, en un monumento hecho de tiempo. Y, como un monumento, se pregunta quién decidió erigirlo, y cuándo, y por qué: qué memoria se eligió reivindicar. Y qué memorias quedaron fuera. Porque cada fecha pública es también un relato que habla, sobre todo, del país que la elige._____________________________Se llamaba como yo es la historia de una mujer que heredó el nombre de su hermana, que murió dos años antes de que ella naciese, víctima de una bomba, en una estación de tren. Es la historia de un silencio: el de una familia que vivió a escondidas el duelo de aquella niña. Un silencio espeso, cotidiano, en el que parecía imposible indagar. Y es, también, la historia del ruido que, cincuenta años después, vino a romperlo. Y de lo que eso significó para todo un país.Una serie documental de Se habla producciones, coproducida con EITB y con el apoyo del Ministerio de Cultura.____________________________________¿Te has quedado con ganas de más? Puedes ver los materiales extra de este episodio en nuestra web, donde también encontrarás una transcripción y los créditos del episodio. También puedes suscribirte a nuestro boletín aquí.Want to listen to this story but don't understand Spanish? Fear not! You can read an English-subtitled version of this episode here.",2025-06-15,2179812,36.3,False,es-ES,https://open.spotify.com/episode/3tGN0hc8JCm92PGlkvjMxL,
2GXXx3CNGH7pOxIeH8ak7U,(De eso no se habla),,3R3Djmy1biHwaBYv1hoTxt,4. El eco | Se llamaba como yo,"¿Cómo se expande un eco?Durante décadas, nadie habló de Begoña Urroz. Hasta que, un día, su nombre empezó a sonar en libros, medios, actos oficiales. Y, de pronto, ese nombre que había vivido en silencio empezó a repetirse por todas partes: Begoña Urroz, primera víctima de ETA. Este episodio cuenta cómo una historia íntima se convirtió, casi sin quererlo, en una verdad colectiva.___________________________________Se llamaba como yo es la historia de una mujer que heredó el nombre de su hermana, que murió dos años antes de que ella naciese, víctima de una bomba, en una estación de tren. Es la historia de un silencio: el de una familia que vivió a escondidas el duelo de aquella niña. Un silencio espeso, cotidiano, en el que parecía imposible indagar. Y es, también, la historia del ruido que, cincuenta años después, vino a romperlo. Y de lo que eso significó para todo un país.Una serie documental de Se habla producciones, coproducida con EITB y con el apoyo del Ministerio de Cultura.____________________________________¿Te has quedado con ganas de más? Puedes ver los materiales extra de este episodio en nuestra web, donde también encontrarás una transcripción y los créditos del episodio. También puedes suscribirte a nuestro boletín aquí.Want to listen to this story but don't understand Spanish? Fear not! You can read an English-subtitled version of this episode here.",2025-06-08,2099892,35.0,False,es-ES,https://open.spotify.com/episode/3R3Djmy1biHwaBYv1hoTxt,
2GXXx3CNGH7pOxIeH8ak7U,(De eso no se habla),,3w20rPu5Gt7uke64pYPGmW,3. Lasarte | Se llamaba como yo,"¿Qué es ser una víctima?Durante muchos años, la hermana de Bego fue solo una sombra: un nombre que no aparecía en ninguna lista. Un “accidente”. Un “daño colateral”. Así se fue construyendo un silencio espeso que fue envolviendo a su familia, y a su propio pueblo. Hasta que, un día, ese pueblo decidió preguntarles si querían participar en un homenaje. Y su madre, después de 50 años de silencio, dijo que sí. Este episodio cuenta cómo, poco a poco, el foco empezó a cambiar: el foco de una familia, pero también el foco de toda una sociedad. ___________________________________Se llamaba como yo es la historia de una mujer que heredó el nombre de su hermana, que murió dos años antes de que ella naciese, víctima de una bomba, en una estación de tren. Es la historia de un silencio: el de una familia que vivió a escondidas el duelo de aquella niña. Un silencio espeso, cotidiano, en el que parecía imposible indagar. Y es, también, la historia del ruido que, cincuenta años después, vino a romperlo. Y de lo que eso significó para todo un país.Una serie documental de Se habla producciones, coproducida con EITB y con el apoyo del Ministerio de Cultura.____________________________________¿Te has quedado con ganas de más? Puedes ver los materiales extra de este episodio en nuestra web, donde también encontrarás una transcripción del episodio.También puedes suscribirte a nuestro boletín aquí.Want to listen to this story but don't understand Spanish? Fear not! You can read an English-subtitled version of this episode here.",2025-06-08,2184204,36.4,False,es-ES,https://open.spotify.com/episode/3w20rPu5Gt7uke64pYPGmW,
2GXXx3CNGH7pOxIeH8ak7U,(De eso no se habla),,3sd95xIyQ0bNqmWe4ZAY1O,2. El silencio | Se llamaba como yo,"¿Cómo se llora a quien nunca conociste?A Begoña le costó toda su vida comprender el miedo de sus padres ante cualquier cuestión cotidiana.  Un miedo lleno de silencios -ixo, ixo, en euskera-, que pasó de generación a generación. Hasta que alguien, por fin, quiso escuchar.___________________________________Se llamaba como yo es la historia de una mujer que heredó el nombre de su hermana, que murió dos años antes de que ella naciese, víctima de una bomba, en una estación de tren. Es la historia de un silencio: el de una familia que vivió a escondidas el duelo de aquella niña. Un silencio espeso, cotidiano, en el que parecía imposible indagar. Y es, también, la historia del ruido que, cincuenta años después, vino a romperlo. Y de lo que eso significó para todo un país.Una serie documental de Se habla producciones, coproducida con EITB y con el apoyo del Ministerio de Cultura.____________________________________¿Te has quedado con ganas de más? Puedes ver los materiales extra de este episodio en nuestra web, donde también encontrarás una transcripción y los créditos del episodio. También puedes suscribirte a nuestro boletín aquí.Want to listen to this story but don't understand Spanish? Fear not! You can read an English-subtitled version of this episode here.",2025-06-01,2331252,38.9,False,es-ES,https://open.spotify.com/episode/3sd95xIyQ0bNqmWe4ZAY1O,
2GXXx3CNGH7pOxIeH8ak7U,(De eso no se habla),,7am8DL6TxoAbdYqpAvxHBo,1. Begoña | Se llamaba como yo,"¿Cuánto peso puede cargar un nombre?Begoña es de Lasarte, Gipuzkoa. Su vida ha estado marcada por un silencio familiar, anclada en una ausencia de la que nadie podía hablar. De la que no se podía hablar. Su hermana, que murió a los dos años y a la que no conoció, llevaba su mismo nombre. Y la historia de su muerte, la que construyó con los retazos que pudo ir rescatando de la pena de sus padres, hace poco empezó a resquebrajarse.Así empieza su historia._________________________Se llamaba como yo es la historia de una mujer que heredó el nombre de su hermana, que murió dos años antes de que ella naciese, víctima de una bomba, en una estación de tren. Es la historia de un silencio: el de una familia que vivió a escondidas el duelo de aquella niña. Un silencio espeso, cotidiano, en el que parecía imposible indagar. Y es, también, la historia del ruido que, cincuenta años después, vino a romperlo. Y de lo que eso significó para todo un país.Una serie documental de Se habla producciones, coproducida con EITB y con el apoyo del Ministerio de Cultura.____________________________________________________¿Te has quedado con ganas de más? Puedes ver los materiales extra de este episodio en nuestra web, donde también encontrarás una transcripción del episodio.También puedes suscribirte a nuestro boletín aquí.Want to listen to this story but don't understand Spanish? Fear not! You can read an English-subtitled version of this episode here.",2025-06-01,1873284,31.2,False,es-ES,https://open.spotify.com/episode/7am8DL6TxoAbdYqpAvxHBo,
2GXXx3CNGH7pOxIeH8ak7U,(De eso no se habla),,1zmIOcRHtG6Xp0cK2iexDl,Muy pronto: Se llamaba como yo,"Volvemos con una nueva temporada para seguir haciendo lo que más nos gusta: romper silencios.El domingo, 1 de junio, estrenamos Se llamaba como yo, una serie documental sobre un nombre, sobre el silencio de una familia, y sobre el ruido que lo rompió.Una serie de Se habla producciones, en coproducción con EITB Media y con el apoyo del Ministerio de Cultura.Puedes suscribirte a nuestro boletín aquí.",2025-05-25,151644,2.5,False,es-ES,https://open.spotify.com/episode/1zmIOcRHtG6Xp0cK2iexDl,
2GXXx3CNGH7pOxIeH8ak7U,(De eso no se habla),,5bOSUS5UkSfNa03eGE7e2I,Lunáticas. Episodio 5: De Loli sí se habla.,"Justo un año después de que Érica y Andrea se conocieran, grabamos la conversación final para este podcast junto a otra de sus grandes protagonistas. Romperán, al fin, el silencio familiar sobre Loli, en una charla que conecta a tres generaciones de mujeres alrededor de una mesa.  Lunáticas: la historia de una nieta que busca entender quién fue su abuela y, en el camino, descubre cosas que no sospechaba. Y, como descubrió tantas cosas, un episodio se nos quedaba corto. Así que esta vez contamos la historia como una serie, en 5 episodios.  Una coproducción de Se habla producciones y Producciones del KO.  ¿Te has quedado con ganas de más? Puedes ver los materiales extra de este episodio en nuestra web, donde también encontrarás una transcripción del episodio.  También puedes suscribirte a nuestro boletín aquí.",2023-12-25,1679635,28.0,False,es-ES,https://open.spotify.com/episode/5bOSUS5UkSfNa03eGE7e2I,
14YGS4nlalNT6WSZo4WDRQ,Club de Malasmadres,,7pOwps3LdoD957fYvXaIaP,"Separación consciente: cuando la familia no se rompe, cambia de molde con Rocío López de la Chica.","El 62% de las mujeres reconoce que el principal motivo de su separación fue la sobrecarga mental y la falta de reparto equitativo. Es un dato del Informe El peso invisible de la maternidad. Y cuando lo lees, algo hace clic.La separación sigue siendo un tema del que se habla poco y mal. Se habla de fracaso, de familia rota, de mucha culpa. Y sin embargo, hay otra manera de contarlo: la familia no se rompe, cambia de molde.Hoy en nuestra casita hablamos con Rocío López de la Chica, terapeuta Gestalt, máster en Educación Emocional, periodista y cofundadora de Creada, el proyecto de separaciones conscientes que ella misma vivió antes de crear.Hablamos de cómo tener la conversación más difícil con tus hijos e hijas. De coparentalidad consciente, de nuevas parejas y familias enlazadas. De cómo gestionar los cambios de casa, los estilos de crianza distintos y la reacción del otro progenitor. De por qué cada vez más mujeres se separan a los 60. Y de cómo cuidarte tú en medio de todo esto.Libros de Rocío López de la Chica:‘Familia enlazada’, ‘Separada’ ‘El castillo y la fortaleza’ (https://creada.es/libros/)*Podéis seguir a Malasmadres en:Facebook (https://www.facebook.com/malasmadres)Instagram (https://www.instagram.com/malasmadres)Twitter (https://twitter.com/malasmadres)Youtube (https://www.youtube.com/Malasmadres)Y en nuestra web (https://clubdemalasmadres.com/)*Podéis seguir a Rocío López de la Chica en: Instagram (https://www.instagram.com/creada_rocioymiguelangel/)Web (https://creada.es/)",2026-05-17,5014142,83.6,False,es,https://open.spotify.com/episode/7pOwps3LdoD957fYvXaIaP,
14YGS4nlalNT6WSZo4WDRQ,Club de Malasmadres,,5wrmwZR3vpa5UMisXOxS35,"Cuando el Alzheimer entra en casa con Marta Matute, directora de ‘Yo no moriré de amor' ","Hay películas que se ven. Y hay películas que se sienten en el cuerpo. 'Yo no moriré de amor' nació de nueve años de cuidado. Entre los 19 y los 28 años, Marta Matute cuidó a su madre enferma de Alzheimer. Una historia que quiso retratar ""de una manera honesta"", tal y como fue. Y el resultado es una película que muchas personas describen como ""real como la vida misma"", ganadora de la Biznaga de Oro en el Festival de Málaga.Hoy en nuestra casita hablamos con Marta de todo lo que hay detrás: de cómo ""va tan progresivo que te vas acostumbrando a lo que toca"", de dar el paso a la residencia ""cuando ya no se puede más"" y de poder decir con tranquilidad ""hicimos todo lo que pudimos"". Del aislamiento que nadie nombra, del humor que aparece incluso en los momentos más duros, y de una frase que se queda: ""hemos llegado a una sociedad en la que cuidar es un privilegio”.Porque el 88% de las personas cuidadoras en España son mujeres. Y la ley de dependencia es un derecho que, como dice Marta, ""no se está cumpliendo.""Una conversación que transforma. Porque cuidar también es un acto de amor enorme. Aunque nadie te lo haya pedido. Aunque nadie lo vea.🔔 SÍGUENOS para que sigamos visibilizando realidades que importan y no te pierdas ningún episodio.Notas del podcast:Trailer de la película ‘Yo no moriré de amor’: https://youtu.be/wH8O9cyL5Sg?si=l5adGaQKtLW1QtcC*Podéis seguir a Malasmadres en:Facebook (https://www.facebook.com/malasmadres) Instagram (https://www.instagram.com/malasmadres) Twitter (https://twitter.com/malasmadres) Youtube (https://www.youtube.com/Malasmadres) Y en nuestra web (https://clubdemalasmadres.com/)*Podéis seguir a Marta Matute: Instagram (https://www.instagram.com/marta_matute)",2026-05-10,4923028,82.1,False,es,https://open.spotify.com/episode/5wrmwZR3vpa5UMisXOxS35,
14YGS4nlalNT6WSZo4WDRQ,Club de Malasmadres,,1TkprGx0TuGjuSN7GThCnf,Lo que nadie te cuenta antes de darle un móvil a tu hijo/a: ciberseguridad con María Aperador,"Hay una pregunta con la que arranca este episodio: ""¿Es posible educar en el buen uso de las pantallas sin batallas con nuestros hijos e hijas?"" Y la respuesta de María Aperador es clara: ""Sí que es posible”. Pero para llegar ahí, primero hay que entender dónde estamos. Y María nos explica ""no estamos para nada preparadas”.En este episodio especial de Pantallas sin Batallas, junto a Movistar, hablamos con María Aperador, criminóloga y experta en Ciberseguridad, sobre cómo crear un entorno digital seguro en casa sin educar desde el miedo ni desde la ingenuidad.Pantallas sin Batallas nace de una necesidad real de las Malasmadres y sus familias: aprender a educar en el buen uso de la tecnología. Porque la mayoría no nacimos con ella como sí lo hicieron nuestros hijos e hijas, y esa brecha digital se nota. Se nota cuando no sabemos cómo configurar un control parental, cuando llega el primer móvil y no tenemos claro qué decir, cuando nuestra hija lleva un rato con la tablet y no sabemos muy bien qué está viendo. Por eso, junto a Movistar, hemos creado este espacio: para que las Malasmadres tengamos la información que nos falta, podamos estar atentas a lo que ocurre con las pantallas que usan nuestros hijos e hijas y, en definitiva, para que la educación digital deje de ser ese terreno en el que nos sentimos perdidas. Porque para educar  en pantallas solo necesitas las herramientas adecuadas.Hablamos de por qué no deberías dejarles tu propia tablet o móvil a tu hijo o hija, de lo que hace realmente tu móvil (spoiler: no te escucha, pero lo que sí hace es igual de sorprendente), de juegos diseñados para enganchar, de cuentas secretas, de grooming, deep fakes y estafas.Y terminamos con la regla más sencilla y más poderosa de todo el episodio para nuestros hijos e hijas: ""no compartas nada de lo que te avergonzarías si lo supiera tu abuela”. Porque educar en internet es como enseñar a cruzar la calle: con información, con pensamiento crítico y sabiendo que pueden contarnos cualquier cosa. No estamos solas, Malasmadres.🔔 Síguenos para no perderte ningún episodio.Notas del podcast:Canal de Youtube de Movistar: https://www.youtube.com/watch?v=r_5eU4IhJOU&list=PLiM4HTmcqpD2EUf3schWGnUee7FYVxDlmWeb de INCIBE (Instituto Nacional de Ciberseguridad): https://www.incibe.es/App ‘Bevalk’: https://bevalk.com/*Podéis seguir a Malasmadres en:Facebook (https://www.facebook.com/malasmadres) Instagram (https://www.instagram.com/malasmadres)Twitter (https://twitter.com/malasmadres)Youtube (https://www.youtube.com/Malasmadres)Y en nuestra web (https://clubdemalasmadres.com/)*Podéis seguir a María Aperador: Instagram (https://www.instagram.com/mariaperador/)Youtube (https://www.youtube.com/@mariaperadorcriminologia)",2026-04-26,4902548,81.7,False,es,https://open.spotify.com/episode/1TkprGx0TuGjuSN7GThCnf,
14YGS4nlalNT6WSZo4WDRQ,Club de Malasmadres,,2hj8ExhDrr0TFqdGkIbeiV,25 años de música y aprendizaje: quién es hoy La Mari de Chambao,"Hay músicas que acompañan una etapa. Y otras que se convierten en casa. En este episodio hablamos con La Mari de Chambao, que celebra 25 años de carrera con un proyecto muy especial: 25 canciones, 25 años, 25 artistas.Pero más allá del aniversario, conversamos sobre el “poco a poco”, sobre aprender que la vida es larga, sobre la sabiduría de los padres —“mis dos faros”—, sobre independencia, humildad y sobre lo que significa hoy para ella el éxito.“La Mari” dice que estos 25 años le saben a “gloria bendita”. Y que ahora sí sabe quién quiere ser. Una charla luminosa sobre música, libertad y evolución.¡DALE A LIKE Y SUSCRÍBETE PARA NO PERDERTE NADA! 🔔00:00 Introducción03:59 La sabiduría de mis padres mis dos faros06:30 El reto de reunir a 25 artistas en un discazo11:50 Pablo Alborán y la magia de ""Desconocido""14:40 25 años de carrera me saben a gloria bendita17:15 Cuando dejas de disfrutar de ti misma18:35 Mi caja de herramientas contra las adicciones20:30 Aprender a ser tú es una tarea hermosa24:14 Lolo entra en plató el gran maestro perruno27:10 Anécdotas con fans y la cara b de la fama32:40 El origen del sentimiento de ser Mala Madre37:30 Cómo nació el Flamenco Chill por casualidad41:40 El éxito del fracaso y la paz actual48:30 El día que me rendí la llamada que lo cambió todo55:20 El futuro de Chambao y gira por Latinoamérica58:30 Una canción para salvarse y un deseo de pazNotas del podcast:📖 Libro ‘En la cresta del ahora’: https://www.casadellibro.com/libro-en-la-cresta-del-ahora/9788413443089/16150835*Podéis seguir a Malasmadres en:- Facebook (https://www.facebook.com/malasmadres) - Instagram (https://www.instagram.com/malasmadres)- Twitter (https://twitter.com/malasmadres)- Youtube (https://www.youtube.com/Malasmadres)- Y en nuestra web (https://clubdemalasmadres.com/)*Podéis seguir a La Mari en: - Instagram (https://www.instagram.com/chambao_oficial/)",2026-04-19,3862590,64.4,False,es,https://open.spotify.com/episode/2hj8ExhDrr0TFqdGkIbeiV,
14YGS4nlalNT6WSZo4WDRQ,Club de Malasmadres,,1oWZS3dekt12p2iTZkv8lc,“La porn0grafía se está convirtiendo en la escuela del sex0” con Alejandro Villena,"*Este episodio cuenta con la colaboración de Allianz. Más información en https://www.allianz.es/seguro-de-hogar.htmlEn este episodio hablamos de algo que ya está ocurriendo, aunque muchas veces no queramos mirarlo de frente. El acceso a la pornografía comienza de media a los 11-12 años según UNICEF. Y el 70% accede de manera accidental porque no lo buscan siempre, muchas veces les llega.Hablamos con Alejandro Villena sobre qué está pasando realmente:– Por qué el p0rno está llegando antes de que ellos quieran llegar.– Qué ocurre en el cerebro adolescente.– Por qué la línea entre consumo y adicción es tan fina.– Qué modelo de sexualidad están aprendiendo.– Y cómo podemos actuar desde casa sin pánico.Una conversación necesaria para poder educar en una sexu@alidad sana y saber cuándo tenemos que pedir ayuda.¡SUSCRÍBETE Y ACTIVA LA CAMPANITA PARA NO PERDERTE NINGÚN EPISODIO! 🔔00:00 El impacto real del p0rn0 en adolescentes02:41 El alarmante informe de UNICEF sobre consumo temprano06:32 ¿Búsqueda activa o acceso accidental?08:26 Por qué no es culpa de las familias (la industria busca al niño)12:21 Señales para detectar la adicción al p0rn013:31 Qué ocurre en el cerebro adolescente: dopamina y empatía17:52 El p0rn0 como ""manual de destrucción"" sexual21:44 La historia personal de Alejandro Villena33:32 El peligro de la IA y los ""deepfakes"" en las aulas36:38 La regla de las 3P: Persona, Pantalla y P0rno43:26 Guía práctica: Cómo abrir la conversación en casa45:27 Cómo usar el libro El Tiburón de Internet55:13 ¿Prohibir o proteger? El debate de la regulación01:03:43 El Alejandro niño: sensibilidad y vocaciónNotas del podcast:- 📖 Libro ‘¿Por qué NO? de Alejandro Villena: https://www.amazon.es/%C2%BFPOR-qu%C3%A9-NO-prevenir-pornograf%C3%ADa/dp/8413442419/- 📖 Cuento ‘El tiburón de internet’ de Alejandro Villena y Paula Marco: https://www.amazon.es/El-tibur%C3%B3n-internet-Alejandro-Villena/dp/8426739334/*Podéis seguir a Malasmadres en:- Facebook (https://www.facebook.com/malasmadres) - Instagram (https://www.instagram.com/malasmadres)- Twitter (https://twitter.com/malasmadres)- Youtube (https://www.youtube.com/Malasmadres)- Y en nuestra web (https://clubdemalasmadres.com/)*Podéis seguir a Alejandro Villena en: - Instagram (https://www.instagram.com/alejandrovillenapsicologia/)",2026-04-12,4248596,70.8,False,es,https://open.spotify.com/episode/1oWZS3dekt12p2iTZkv8lc,
14YGS4nlalNT6WSZo4WDRQ,Club de Malasmadres,,2jaPci74lN9JvFIq9NZ9Ix,"Toñi Moreno:“Quiero ser ejemplo para mi hija, ese es el motor que me lleva”","En este episodio hablamos con Toñi Moreno sobre ser madre más allá de los 40, sobre vocación, raíces y sueños.Siempre tuvo claro que su “M” de madre no podía aplazar su “M” de mujer. Que ser madre es lo más importante de su vida, pero que para ser feliz también necesita hacer lo que le apasiona. Y eso es justo lo que quiere transmitirle a su hija.Recordamos a aquella niña a la que decían que era “Antoñita la fantástica”, soñando con trabajar con Hermida y pensando en grande cuando nadie le decía que podía hacerlo.Hablamos de sus padres, de sus raíces, de un padre que venía del campo y fue corresponsable sin saber que esa palabra existía. De ejemplo, de amor y de cuidado real.Y de televisión. De Gente Maravillosa, un programa que sigue vivo gracias a la gente buena que existe y que ha sabido acercarse también al público más joven.Una conversación sobre maternidad, alegría trabajada, vocación humildad y gratitud.🔔 ¡SÍGUENOS para no perderte ningún episodio 🔔*Podéis seguir a Malasmadres en:Facebook (https://www.facebook.com/malasmadres) Instagram (https://www.instagram.com/malasmadres)Twitter (https://twitter.com/malasmadres)Youtube (https://www.youtube.com/Malasmadres)Y en nuestra web (https://clubdemalasmadres.com/)*Podéis seguir a Toñi Moreno en: Instagram (https://www.instagram.com/tmoreno73/)",2026-04-05,3994302,66.6,False,es,https://open.spotify.com/episode/2jaPci74lN9JvFIq9NZ9Ix,
14YGS4nlalNT6WSZo4WDRQ,Club de Malasmadres,,1lplDHw9LiT88yRPJOogGA,Violencia vicaria: Cómo identificarla y salir del bucle con María Bestar,"En este episodio hablamos con María Bestar, directora del cortometraje ""No estás loca"" y del documental sobre violencia vicaria que está removiendo conciencias en toda España. Todo parte de su historia. De ese momento en el que empieza a vivir violencia vicaria sin saber aún ponerle nombre. De ese círculo de violencia donde llegas a dudar de ti misma. María explica algo fundamental: no todo maltrato infantil es violencia vicaria. La violencia vicaria es una forma extrema de violencia de género que utiliza a los hijos e hijas para hacer daño a la madre. Muchas veces aparece o se intensifica tras la separación. Y en muchos casos, consigue lo que busca: alejar a la madre de sus hijos, física o emocionalmente.Hablamos también de culpa —que no es de la víctima, nunca—, de incredulidad, de lo que supone no ser creída, de cómo todo lo que haces empieza a ponerse en tela de juicio. Y de una verdad incómoda pero clara: un maltratador jamás puede ser un buen padre. Lo que no es bueno para ti, no es bueno para tus hijos.María insiste en algo que desmonta muchos prejuicios: la violencia machista no entiende de clases sociales, ni de nivel económico, ni de formación. También afecta a mujeres independientes, profesionales, económicamente autónomas.Nos ponemos en la piel de esas mujeres que viven en la desesperación total. De las que sienten que el sistema no responde. De las que han perdido lo que más querían. Y entendemos por qué el título “No estás loca” identifica a tantas: porque el maltrato psicológico puede hacerte creer que el problema eres tú.Una conversación necesaria para entender qué es la violencia vicaria, cómo opera, por qué cuesta tanto frenarla y qué tenemos que cambiar como sociedad.🔔 ¡SÍGUENOS para no perderte ningún episodio 🔔Notas del podcast:- Documental ‘No estás loca’ (https://www.youtube.com/watch?v=T--u4vkynaI)*Podéis seguir a Malasmadres en:Facebook (https://www.facebook.com/malasmadres) Instagram (https://www.instagram.com/malasmadres)Twitter (https://twitter.com/malasmadres)Youtube (https://www.youtube.com/Malasmadres)Y en nuestra web (https://clubdemalasmadres.com/)*Podéis seguir a María Béstar en: Instagram (https://www.instagram.com/mariabestar)",2026-03-29,4320062,72.0,False,es,https://open.spotify.com/episode/1lplDHw9LiT88yRPJOogGA,
14YGS4nlalNT6WSZo4WDRQ,Club de Malasmadres,,3SzvPNWOwVE31BJ1erJKUq,La trampa de las dietas y por qué no funcionan con Gabriela Uriarte.,"La insatisfacción corporal no es casualidad. Es cultural. Nos han enseñado a mirarnos con lupa, a corregirnos, a reducirnos. Y si no alcanzamos el ideal, la culpa siempre parece nuestra.En este episodio hablamos con la dietista y nutricionista Gabriela Uriarte (@gu_nutricion) sobre cultura de dieta, restricción constante, miedo a engordar y el mito del “si quieres puedes”. Sobre por qué no elegimos nuestro peso, por qué la salud no se puede ver a simple vista y cómo criar hijos e hijas que no crezcan odiando su cuerpo.Una conversación para cuestionar el sistema, dejar de vivir en guerra con la comida y empezar a estar en paz con nosotras mismas.🔔 ¡SÍGUENOS PARA NO PERDERTE NINGÚN EPISODIO!*Podéis seguir a Malasmadres en: Facebook (https://www.facebook.com/malasmadres)Instagram (https://www.instagram.com/malasmadres)Twitter (https://twitter.com/malasmadres)Youtube (https://www.youtube.com/Malasmadres)Y en nuestra web (https://clubdemalasmadres.com/)*Podéis seguir a Gabriela Uriarte en:Instagram (https://www.instagram.com/gu_nutricion/)Youtube (https://www.youtube.com/@GabrielaUriarteNutricionista) Tik tok (https://www.tiktok.com/@gu_nutricion)Web (https://gabrielauriarte.com/)",2026-03-22,4624425,77.1,False,es,https://open.spotify.com/episode/3SzvPNWOwVE31BJ1erJKUq,
14YGS4nlalNT6WSZo4WDRQ,Club de Malasmadres,,5zm0cNWTrtd3xMZpTwrhL0,Prepárate para la adolescencia: entender para acompañar con Alfonso Navarro.,"Cuando tienes un bebé todo el mundo te avisa: prepárate para no dormir, para las rabietas, para el agotamiento. Pero nadie te dice que te prepares para la edad en la que llega la adolescencia.De repente llegan los silencios, los portazos, las respuestas cortantes y esa sensación de que tu hijo o hija se está alejando. Y tú te preguntas: ¿esto es normal? ¿Estoy perdiendo autoridad? ¿Le estoy exigiendo demasiado?En este episodio del Podcast del Club de Malasmadres hablamos con Alfonso Navarro, psicólogo especialista en adolescentes, para entender qué ocurre realmente en esta etapa. Qué está pasando en su cerebro. Por qué sienten tanto malestar. Por qué casi ningún adolescente cree que es agresivo, sino que siente que se está defendiendo. Y por qué, cuando hay un vínculo seguro, es contigo con quien más confrontan.Hablamos de límites sin romper el vínculo, de cómo diferenciar conflicto evolutivo de señales de alarma, de frustración y salud mental. Y, sobre todo, de cómo acompañar esta etapa sin perder autoridad ni conexión.Un episodio para tranquilizar, entender y llevarte herramientas concretas a casa.🔔 ¡SÍGUENOS PARA NO PERDERTE NINGÚN EPISODIO!Notas del podcastLibro ‘La trampa de la frustración’ con Alfonso Navarro (https://www.agapea.com/libros/La-trampa-de-la-frustracion-9788427254831-i.htm)*Podéis seguir a Malasmadres en:Facebook (https://www.facebook.com/malasmadres) Instagram (https://www.instagram.com/malasmadres)Twitter (https://twitter.com/malasmadres)Youtube (https://www.youtube.com/Malasmadres)Y en nuestra web (https://clubdemalasmadres.com/)*Podéis seguir a Alfonso Navarro en:Instagram (https://www.instagram.com/alfonso.psicologia/)",2026-03-15,5092393,84.9,False,es,https://open.spotify.com/episode/5zm0cNWTrtd3xMZpTwrhL0,
14YGS4nlalNT6WSZo4WDRQ,Club de Malasmadres,,53pCIZXPfK3JAcc5410Q55,"“Todas somos merecedoras de belleza y de moda”,con María Rodríguez de Pretty and Olé.","Muchas hemos crecido sintiéndonos insuficientes frente a una etiqueta. Frente a una talla. Frente a un espejo que parecía decirnos que nuestro cuerpo era el problema.En este episodio del Podcast del Club de Malasmadres hablamos con María Rodríguez, creadora de Pretty and Olé, sobre diversidad real en la moda, representación y autoestima. Sobre lo que significa no encontrar tu talla en tienda. Sobre lo que implica no verte reflejada en campañas que dicen ser inclusivas. Y sobre esa verdad incómoda: no hemos avanzado tanto como creemos.María comparte cómo pasó a convertirse en una activista que asesora a marcas para que amplíen tallaje y entiendan que la diversidad no es marketing, es responsabilidad. Porque la moda no es solo ropa: es identidad, autoestima y pertenencia. Y todas somos merecedoras de sentirnos guapas.*Podéis seguir a Malasmadres en:Facebook (https://www.facebook.com/malasmadres) Instagram (https://www.instagram.com/malasmadres)Twitter (https://twitter.com/malasmadres)Youtube (https://www.youtube.com/Malasmadres)Y en nuestra web (https://clubdemalasmadres.com/)*Podéis seguir a María Rodríguz en: Instagram (https://www.instagram.com/prettyandole/)Youtube (https://www.youtube.com/prettyandole)Tik Tok (https://www.tiktok.com/@prettyandole)",2026-03-09,4150463,69.2,False,es,https://open.spotify.com/episode/53pCIZXPfK3JAcc5410Q55,
7x5Q0B2ZWIot59Ah6NWoar,Saldremos Mejores,,4yjhrRDGNPi67g7at8uLC0,SALDREMOS CON AIMAR BRETOS | 5x33,"Mejorcita, hoy hablamos de periodismo con Aimar Bretos, director de Hora 25 en la SER y cara de La noche de Aimar en La Sexta.  Conversamos sobre el oficio en un momento de desconfianza, bulos y consumo acelerado de información: cómo se hace hoy una entrevista, qué significa preguntar bien y si todavía cabe el periodismo pausado. Con Aimar hablamos de su trayectoria, del valor de la repregunta, de cómo se construyen conversaciones que no estén trilladas y de qué está pasando con un ecosistema mediático donde las redes mandan, los cortes se viralizan y la credibilidad se resquebraja. Learn more about your ad choices. Visit megaphone.fm/adchoices",2026-05-14,3817280,63.6,False,es-ES,https://open.spotify.com/episode/4yjhrRDGNPi67g7at8uLC0,
7x5Q0B2ZWIot59Ah6NWoar,Saldremos Mejores,,5YuVOkeMLyKJ2WJ0u3FkkE,SALDREMOS CON PAMELA PALENCIANO | 5X32,"Mejorcita, hoy hablamos con Pamela Palenciano, actriz y activista feminista, creadora de No solo duelen los golpes, un monólogo clave para entender cómo opera la violencia machista desde la adolescencia. Conversamos sobre amor romántico, control, educación afectiva, reacción antifeminista y la dificultad, y la urgencia, de hablar con jóvenes sin moralizar ni cerrarles la puerta. También nos acompaña Sara Martínez, de la PAH de Vallecas, para aterrizar estas violencias en lo cotidiano: cómo el control, el miedo y la dependencia económica se cruzan con la vivienda, la precariedad y las situaciones de abuso que llegan a los movimientos sociales. Learn more about your ad choices. Visit megaphone.fm/adchoices",2026-05-07,3456853,57.6,False,es-ES,https://open.spotify.com/episode/5YuVOkeMLyKJ2WJ0u3FkkE,
7x5Q0B2ZWIot59Ah6NWoar,Saldremos Mejores,,0pjJixsdhL4ieMTFWidjOi,SALDREMOS CON EL COMIDISTA | 5X31,"Mejorcita, hoy hablamos de comer, de cocinar… y de todo lo que hay alrededor del plato. Nos acompaña Mikel López Iturriaga, periodista gastronómico y director de El Comidista, para pensar qué está pasando con la comida en un momento en el que la cesta de la compra se dispara, el tiempo escasea y los ultraprocesados lo ocupan todo. Con Mikel desmontamos mitos: que antes se comía mucho mejor, que no cocinar es ser vaga, que todo se arregla con recetas virales de tres ingredientes o con yogures “high protein”. Hablamos de desigualdad, clase, género y tiempo, de cómo cocinar bien hoy exige dinero, organización y capital cultural, y de por qué culpabilizar a quien no puede cocinar a diario es no entender cómo vivimos. Learn more about your ad choices. Visit megaphone.fm/adchoices",2026-04-30,3737450,62.3,False,es-ES,https://open.spotify.com/episode/0pjJixsdhL4ieMTFWidjOi,
7x5Q0B2ZWIot59Ah6NWoar,Saldremos Mejores,,4T5w4AE16XHPcdcp3jVD0o,SALDREMOS CON DAHLIA DE LA CERDA | 5X30,"Mejorcita, hoy hablamos con Dahlia de la Cerda: escritora mexicana, activista feminista y una de las voces más potentes de la literatura latinoamericana actual.  Autora de Perras de reserva, Desde los zulos y Medea me cantó un corrido, su obra pone en el centro a las mujeres de la periferia: morras pobres, novias de narcos, brujas, aborteras, trabajadoras sexuales, mujeres moralmente grises en un país atravesado por la violencia. Con Dahlia hablamos de escribir desde el barrio, de feminicidio, narcotráfico, aborto, clasismo, maternidades no idealizadas y de por qué el feminismo institucional muchas veces no alcanza a las mujeres que viven en los márgenes.  También de su activismo en Morras Help Morras, el colectivo que acompaña abortos seguros en contextos de ilegalidad, y de su apuesta por un feminismo situado, de zulo y no de cuarto propio. Conversamos sobre lenguaje, oralidad, humor negro, corridos, dinero, precariedad, rabia, éxito editorial, y sobre qué significa contar historias que incomodan porque no buscan ser ejemplares ni moralizantes.  Learn more about your ad choices. Visit megaphone.fm/adchoices",2026-04-23,4410219,73.5,False,es-ES,https://open.spotify.com/episode/4T5w4AE16XHPcdcp3jVD0o,
7x5Q0B2ZWIot59Ah6NWoar,Saldremos Mejores,,278zaa3I9KEbHt7wbTubLE,SALDREMOS KETAMINA | 5X29,"Mejorcita, hoy hablamos de ketamina: anestésico de guerra, antidepresivo “milagro”, droga recreativa y nueva estrella del bienestar de lujo. Una misma molécula que sirve para operar en hospitales precarios, sedar en conflictos armados… y levantar el ánimo de millonarios de Silicon Valley.Con Marta Echaves, filósofa e investigadora cultural, autora de Químicas piedades, exploramos la ketamina como síntoma político de nuestro tiempo: cómo pasa de fármaco barato a negocio multimillonario (Spravato), cómo se usa dentro y fuera de la medicina, y por qué encaja tan bien en un mundo cansado, ansioso y sobremedicado. Hablamos de salud mental convertida en mercado, de élites tecnológicas y psicodélicos, de usos recreativos y auto‑medicación, de género, clase y colonialidad, y del concepto de “piedad química”: sustancias que no nos liberan del sistema, sino que nos ayudan a seguir funcionando dentro de él. Learn more about your ad choices. Visit megaphone.fm/adchoices",2026-04-16,3282368,54.7,False,es-ES,https://open.spotify.com/episode/278zaa3I9KEbHt7wbTubLE,
7x5Q0B2ZWIot59Ah6NWoar,Saldremos Mejores,,5zwBbqFFXkZCuZ8v6foIis,SALDREMOS DE ERTE | 5X28,"Mejorcita, hoy hablamos de despidos, ERE, ERTE y de quién paga realmente las crisis. En un contexto marcado por la guerra, la inflación, la subida de precios y la incertidumbre económica, nos preguntamos por qué las empresas siguen recurriendo a los despidos colectivos cuando existen alternativas para proteger el empleo. Para entenderlo, nos acompaña Cristina Torre, adjunta a la Secretaría Confederal de Acción Sindical y Transiciones Estratégicas de CCOO, con quien desmontamos mitos y aclaramos conceptos clave para entender que la ley ofrece herramientas para proteger el empleo y que la diferencia entre perder el trabajo o no suele estar en la negociación colectiva, la fuerza sindical y el control judicial. Learn more about your ad choices. Visit megaphone.fm/adchoices",2026-04-09,3088533,51.5,False,es-ES,https://open.spotify.com/episode/5zwBbqFFXkZCuZ8v6foIis,
7x5Q0B2ZWIot59Ah6NWoar,Saldremos Mejores,,2ACMt9FvV6Gt4DSNRArMzv,SALDREMOS DE LAS EVANGELISTAS | 5X27,"Mejorcita, hoy hablamos de religión, poder y abuso. De lo que se esconde detrás de ciertas estructuras evangélicas en España y del escándalo que ha destapado la investigación de Noemí López Trujillo (Newtral) sobre Vida Nueva, un centro que se presenta como espacio de rehabilitación de adicciones… pero que funciona como una secta con terapias de conversión, castigos físicos, explotación laboral y un control absoluto sobre las mujeres internas. Un episodio para entender que no todo lo que se llama “iglesia” es Iglesia, que la fe no justifica el abuso, y que el control sobre los cuerpos, especialmente los de las mujeres, sigue siendo el arma favorita de quienes mandan bajo la excusa de salvar almas. Learn more about your ad choices. Visit megaphone.fm/adchoices",2026-03-26,3780736,63.0,False,es-ES,https://open.spotify.com/episode/2ACMt9FvV6Gt4DSNRArMzv,
7x5Q0B2ZWIot59Ah6NWoar,Saldremos Mejores,,1CDORPVhFhAcuWZacvMUKQ,SALDREMOS DE LOS OSCARS | 5X26,"Mejorcita, hoy hablamos de cine, poder y política con alguien que sabe exactamente dónde están las costuras de la industria: Pepa Blanes, jefa de Cultura de la Cadena SER y una de las periodistas que mejor conoce Hollywood… y también nuestras alfombras rojas. En un año en el que los Oscars han sido más descafeinados que nunca y los Goya vuelven a recordarnos que aquí la cultura sí es política.   Learn more about your ad choices. Visit megaphone.fm/adchoices",2026-03-19,3874410,64.6,False,es-ES,https://open.spotify.com/episode/1CDORPVhFhAcuWZacvMUKQ,
7x5Q0B2ZWIot59Ah6NWoar,Saldremos Mejores,,7H0j81az6dyqjk5a940tVz,SALDREMOS DE LA GUERRA DE IRÁN | 5X25," Mejorcita, hoy hablamos del tema que marca -y retumba- en todo el mundo: la guerra. El ataque conjunto de Estados Unidos e Israel contra Irán, el asesinato del líder supremo, la escalada regional, la respuesta de Teherán, los movimientos tácticos de las monarquías del Golfo, los planes de Trump en Cuba, el papel de Europa, la posición aislada (y valiente) de España y el olor a 2003 que impregna la política internacional. Y, en medio, una pregunta: ¿qué mundo están construyendo los señores de las bombas? Para entender el tablero completo nos acompañan dos voces imprescindibles:Iker Seisdedos, corresponsal jefe de El País en Estados UnidosOlga Rodríguez, periodista de eldiario.es, especializada en Oriente Medio y derechos humanos   Learn more about your ad choices. Visit megaphone.fm/adchoices",2026-03-12,3482410,58.0,False,es-ES,https://open.spotify.com/episode/7H0j81az6dyqjk5a940tVz,
7x5Q0B2ZWIot59Ah6NWoar,Saldremos Mejores,,4HSd2qYZF69lJGQ9558wxN,SALDREMOS DE CÓMO ERA ANTES  | 5X24,"Mejorcita, hoy hablamos de No sé cómo era antes, el nuevo podcast narrativo de la SER y Podium Podcast que reconstruye la historia real de Ángela, una mujer que pasó más de una década atrapada en una relación de violencia machista y que, al intentar salir, se enfrentó a un sistema institucional que no siempre protege, no siempre escucha, y a veces directamente falla. Con sus creadores, Manu Tomillo y Sara Selva, analizamos cómo se ha construido este documental de no ficción tras un año entero de investigación y más de veinte horas de entrevistas. Partimos del mensaje desesperado que Ángela envió por Instagram a Cristina Fallarás, y que abre un relato que no solo muestra la violencia física y psicológica dentro de la pareja, sino todo lo que ocurre después: el miedo a denunciar, la burocracia que revictimiza, el laberinto judicial, la soledad, la culpa… y también la importancia de las alianzas entre mujeres. Learn more about your ad choices. Visit megaphone.fm/adchoices",2026-03-05,3705493,61.8,False,es-ES,https://open.spotify.com/episode/4HSd2qYZF69lJGQ9558wxN,
06JgN4AkNage0vqyc8a1AD,Somos Estupendas,,7dYNCmkWJuwdZRECqap2ow,Por qué repito los mismos patrones de siempre | Ep. 250,"¿Por qué vuelvo siempre a relaciones, situaciones o lugares que sé que me hacen daño? ¿Es que simplemente me equivoco, es azar, o hay algo detrás?❤️‍🩹 Si sientes que estás atrapada en dinámicas que se repiten y quieres entender su origen, puedes empezar tu proceso de terapia individual aquí, con nosotras. ¡Bienvenida a un nuevo episodio del podcast de Somos Estupendas!En este episodio hablamos de esos patrones que parecen repetirse una y otra vez: vínculos que duelen, relaciones que se sienten familiares aunque hagan daño o esa sensación constante de “siempre me pasa lo mismo”.Junto a Eva, psicóloga de Somos Estupendas, exploramos cómo el apego, la infancia y las experiencias que vivimos pueden influir en la forma en la que hoy nos relacionamos con las demás… y con nosotras mismas.Hablamos de:💌 Por qué lo conocido puede sentirse más seguro, aunque nos haga daño.💌 Qué relación hay entre trauma infantil, apego y vínculos adultos.💌 Cómo empezar a construir relaciones más seguras y conscientes.🌷 ¿Quieres empezar tu proceso terapéutico con nosotras? Elige la modalidad que mejor se adapte a ti. Contamos con profesionales que trabajan desde una mirada integrativa y sensible al trauma, para ayudarte a comprender tu historia, tus vínculos y esos patrones que hoy siguen repitiéndose en tu vida: ▪️Terapia Online❤️‍🩹 Si tienes dudas sobre si has vivido trauma en la infancia, y si esto puede estar influyendo en tu vida actual, puedes explorarlo en nuestro Test de Trauma Infantil.¿Cómo te ha resonado este episodio? ¿Hay algún patrón en tu vida que sientas que se repite una y otra vez?  Te leemos en nuestro Instagram @somosestupendas y en la cajita de preguntas de aquí abajo. 🫶🏻",2026-05-17,2586282,43.1,False,es-ES,https://open.spotify.com/episode/7dYNCmkWJuwdZRECqap2ow,
06JgN4AkNage0vqyc8a1AD,Somos Estupendas,,2SdxN29FmpBV5z5CT8Xdeo,He sido madre y me he perdido | Ep. 249,"Convertirte en madre puede cambiarlo todo. También la forma en la que te reconoces. ¿Has sentido que después de ser madre ya no sabes del todo quién eres?❤️‍🩹 Si sientes que este momento te está desbordando, puedes empezar tu proceso de terapia aquí, con nosotras.¡Bienvenida a un nuevo episodio del podcast de Somos Estupendas!En este episodio profundizamos en esa cara menos visible de la maternidad: la sensación de pérdida de identidad, los cambios emocionales y los duelos que pueden aparecer cuando la realidad no coincide con lo que imaginábamos.Hablamos de:💌 El cambio profundo en la identidad tras ser madre.💌 El impacto de la culpa, la autoexigencia y las expectativas sociales.💌 Cómo empezar a mirarte, sostenerte y reconstruirte en esta nueva etapa.Nos acompaña Edurne, psicóloga del equipo de Somos Estupendas, especializada en psicología perinatal, coordinadora de nuestro equipo de psicólogas y madre, para comprender cómo este momento vital puede remover tanto y qué tipo de acompañamiento puede ayudar.🌷 ¿Quieres empezar tu proceso terapéutico con nosotras?Elige la modalidad que mejor se adapte a ti. Contamos con profesionales especializadas en acompañamiento perinatal:▪️Terapia Individual Online ¿Cómo te ha llegado este episodio? ¿Habías pensado en el cambio de identidad que puede suponer la maternidad? Te leemos en nuestro Instagram @somosestupendas y en la cajita de preguntas de aquí abajo. 🫶🏻",2026-05-10,3652222,60.9,False,es-ES,https://open.spotify.com/episode/2SdxN29FmpBV5z5CT8Xdeo,
06JgN4AkNage0vqyc8a1AD,Somos Estupendas,,3dhkwvzZPJjFgeTH26gEsg,"@maria.barrier: ""Mi casa era un lugar muy inseguro"" | Ep. 248","¿Y si crecer en casa no fue un lugar seguro… y eso sigue doliendo hoy? ❤️‍🩹 Si sientes que tu historia sigue pesando en tu presente, puedes empezar tu proceso de terapia aquí. O puedes contactar con nosotras aquí, y estaremos contigo en lo que nos necesites.¡Bienvenida a un nuevo episodio del podcast de Somos Estupendas!En este episodio profundizamos en lo que implica crecer en un entorno marcado por la inseguridad, la violencia y la inversión de roles, para entender cómo estas experiencias impactan en la vida adulta y en la forma en la que nos relacionamos.Hablamos de:💌 Cómo es crecer en una casa donde no hay seguridad emocional. 💌 El impacto de asumir responsabilidades que no corresponden con la edad. 💌 El proceso de empezar a entender, soltar y cuidarte a una misma.Nos acompaña María Barrier, periodista y podcaster, quien comparte su historia con mucha honestidad: lo que supuso crecer en ese contexto, empezar terapia y reconstruirse desde otro lugar.🌷 ¿Quieres empezar tu proceso terapéutico con nosotras? Contamos con profesionales que trabajan desde una mirada integrativa y sensible al trauma, para acompañarte con cuidado y sin juicio. ▪️Terapia Individual online, o presencial en Madrid y Barcelona. ▪️¿Aún no sabes si es un buen momento para empezar terapia, o tienes dudas? Puedes escribirnos o llamarnos, y lo miramos juntas.▪️¿Tienes dudas de si lo que has vivido en tu infancia aún te puede estar afectando? Puedes hacer nuestro Test de Trauma Infantil para averiguarlo. ▪️Próximamente: terapia grupal sobre heridas familiares, un espacio para compartir y elaborar en compañía lo que has vivido. Apúntate aquí en la lista de interesadas.¿Cómo te ha resonado este episodio? ¿Te has sentido identificada con esa sensación de haber tenido que poder con todo demasiado pronto? Te leemos en nuestro Instagram @somosestupendas y en la cajita de preguntas de aquí abajo. 🫶🏻",2026-05-03,3405566,56.8,False,es-ES,https://open.spotify.com/episode/3dhkwvzZPJjFgeTH26gEsg,
06JgN4AkNage0vqyc8a1AD,Somos Estupendas,,7myIWAvl9TAUAmMg6fN5Qj,Visibilidad lésbica: amar sin esconderse | Ep. 247,"Amar sin esconderse no siempre es fácil. A veces implica atravesar miedos, cuestionar lo aprendido y sostener miradas externas. ¿Qué pasa cuando descubres algo sobre tu orientación en la adultez?❤️‍🩹 Si este tema te atraviesa y necesitas acompañamiento para transitar las dudas respecto a tu género u orientación, puedes empezar tu proceso de terapia aquí. En nuestro equipo contamos con psicólogas especializadas en terapia afirmativa, que pueden acompañarte desde el entendimiento, el respeto y la libertad de ser quien eres. ¡Bienvenida a un nuevo episodio del podcast de Somos Estupendas! En este episodio abrimos una conversación íntima y necesaria sobre visibilidad lésbica, identidad y vínculo.Hablamos de:💌 Descubrir tu orientación en la adultez y lo que se mueve por dentro.💌 El miedo al rechazo y el proceso de compartirlo con el entorno.💌 La presión por ser una “la pareja lesbiana sana y perfecta”.Nos acompañan Isa e Irina, pareja y parte del equipo de Somos Estupendas, quienes comparten su historia con honestidad: desde cómo se conocieron hasta lo que ha significado para ellas amar sin esconderse y construir un vínculo consciente.🌷 ¿Buscáis acompañamiento para vuestro vínculo? Podéis empezar vuestro proceso terapéutico con nosotras:▪️Terapia de pareja online▪️Terapia de pareja en Madrid▪️Terapia de pareja en Barcelona¿Cómo te ha resonado este episodio? ¿Hay algo de esta conversación que te haya hecho pensar o cuestionarte algo? Te leemos en nuestro Instagram @somosestupendas y en la cajita de aquí abajo. 🫶🏻",2026-04-26,3108330,51.8,False,es-ES,https://open.spotify.com/episode/7myIWAvl9TAUAmMg6fN5Qj,
06JgN4AkNage0vqyc8a1AD,Somos Estupendas,,2vhxdhTJagpcX4skIlgTzC,Amistades tóxicas: por qué me quedo aunque sé que me duele | Ep. 246,"Hay amistades que duelen… y aun así nos quedamos. ¿Te suena esa sensación de saber que algo no te hace bien, pero no poder soltarlo?❤️‍🩹 Si sientes que estás sosteniendo vínculos que te hacen daño, puedes empezar tu proceso de terapia individual aquí.¡Bienvenida a un nuevo episodio del podcast de Somos Estupendas! En este episodio abrimos una conversación muy necesaria sobre esas amistades que generan malestar, culpa y confusión, pero que por algún motivo nos cuesta alejarnos.Hablamos de:💌 Por qué cuesta tanto reconocer que una amistad nos duele.💌 La culpa, la lealtad y el miedo a quedarnos solas.💌 Cómo identificar vínculos que nos hacen perder nuestra esencia.Nos acompaña Noelia, psicóloga del equipo, para reflexionar sobre cómo los vínculos de amistad también pueden activar heridas, afectar a nuestra autoestima y hacernos permanecer en lugares donde ya no somos nosotras.🌷 Si necesitas un espacio para empezar a cuidarte:▪️¿Tienes dudas de si es un buen momento para empezar terapia? Puedes hacer nuestro Test de Terapia aquí.▪️¿Buscas una manera creativa de conocerte y trabajar en ti? Te esperamos en Presencia, en Barcelona, nuestro espacio de arteterapia, para compartirte en comunidad.▪️Y si buscas una experiencia más profunda e intensiva, nuestro retiro terapéutico VAM puede ser el lugar donde conectar contigo desde un espacio seguro y acompañado.¿Cómo te ha resonado este episodio? ¿Habías pensado alguna vez en que los vínculos de amistad también pueden ser tóxicos?Te leemos en nuestro Instagram @somosestupendas y en la cajita de aquí abajo. 🫶🏻",2026-04-19,2894144,48.2,False,es-ES,https://open.spotify.com/episode/2vhxdhTJagpcX4skIlgTzC,
06JgN4AkNage0vqyc8a1AD,Somos Estupendas,,4PrP3aJkmLZ9pIYrJ9Pxlv,¿La cirugía estética mejora la autoestima? | Ep. 245,"La cirugía estética puede ser una elección legítima. Pero también puede estar atravesada por mandatos, presión y malestar. ¿Te has preguntado alguna vez desde dónde nace ese deseo?❤️‍🩹 Si este tema te está removiendo y quieres tener un espacio para entenderlo mejor, puedes empezar tu proceso de terapia aquí.¡Bienvenida a un nuevo episodio del podcast de Somos Estupendas! En este episodio profundizamos en lo que hay detrás de la decisión de hacerse una cirugía o tratamiento estético, para entender si nace del autocuidado o de la autoexigencia.Hablamos de:💌 El papel del cuerpo en la identidad y la autoestima.💌 Cómo diferenciar el cuidado de la exigencia.💌 Qué ocurre cuando cambiamos algo externo… pero el malestar persiste.Nos acompaña Marina, psicóloga del equipo de Somos Estupendas, con quien abrimos una conversación honesta sobre presión estética, salud mental y esa mezcla de deseo, culpa y juicio que muchas sentimos frente al espejo.🌷 ¿Quieres empezar tu proceso terapéutico con nosotras?En Somos Estupendas contamos con profesionales que trabajan desde una mirada integrativa, con calidez y profesionalidad, para que puedas sentirte segura desde el comienzo para hablar de ti y empezar tu camino de autoconocimiento.¿Cómo te ha resonado este episodio? ¿Te has sentido identificada en esa contradicción entre cambiar algo o aceptarte? Te leemos en nuestro Instagram [@somosestupendas] y en la cajita de preguntas de aquí abajo. ",2026-04-12,2877098,48.0,False,es-ES,https://open.spotify.com/episode/4PrP3aJkmLZ9pIYrJ9Pxlv,
06JgN4AkNage0vqyc8a1AD,Somos Estupendas,,0vcGdOgJh2Xjbrlu91pa0g,Autismo en mujeres: el diagnóstico que llega tarde con @noemimisma | Ep. 244,"Muchas personas han crecido sintiéndose “diferentes” sin saber muy bien por qué. Aprendiendo a encajar, a adaptarse, a esforzarse el doble… hasta que, años después, quizá aparece una respuesta que no esperaban… la neurodivergencia.Si te sientes identificada y necesitas entenderte mejor, puedes empezar tu proceso con nuestras psicólogas especialistas en neurodivergencia.¡Bienvenida a un nuevo episodio del podcast de Somos Estupendas!En este episodio hablamos sobre el autismo en mujeres y por qué tantos diagnósticos llegan en la adultez. Una realidad atravesada por la falta de diagnóstico, los estereotipos y años de adaptación silenciosa.Nos acompaña Noemí (@noemimisma), creadora de contenido y paciente de terapia individual en Somos Estupendas, a quien agradecemos profundamente su confianza y generosidad al compartir su experiencia.Hablamos de: 💌 Cómo es descubrir la neurodivergencia en la adultez.💌 El impacto del masking y el esfuerzo constante por encajar.💌 El duelo, la identidad y la relación consigo misma tras el diagnóstico.Un episodio para poner palabras a lo que muchas mujeres han vivido en silencio y empezar a mirarlo con más comprensión.🌷 ¿Buscas un acompañamiento profesional que pueda acompañarte con calidez y conocimiento en neurodivergencia? En Somos Estupendas contamos con un equipo de psicólogas especialistas en neurodivergencia que puede acompañarte como mereces y necesitas. ▪️Terapia especializada en Neurodivergencia¿Cómo te ha resonado este episodio? ¿Te ha pasado o conoces a alguien que haya descubierto su neurodivergencia en la adultez? Te leemos en nuestro Instagram @somosestupendas y en la cajita de preguntas de aquí abajo. 🫶🏻",2026-03-29,3728169,62.1,False,es-ES,https://open.spotify.com/episode/0vcGdOgJh2Xjbrlu91pa0g,
06JgN4AkNage0vqyc8a1AD,Somos Estupendas,,0kn2YUX7QBXNg1B3LNWFu4,Tengo 30 años y siento que no he logrado nada | Ep. 243,"La generación de los 90 creció imaginando una vida adulta muy distinta a la que muchas estamos viviendo. ¿Y si la ansiedad que sentimos a los 30 no es un fracaso personal, sino el choque entre lo que nos prometieron y lo que realmente es posible?¡Bienvenida a un nuevo episodio del podcast de Somos Estupendas! En este episodio abrimos conversación sobre la llamada crisis del cuarto de vida: ese momento en el que aparece la sensación de ir tarde, de no haber logrado lo que “deberías” o de que algo en tu vida no encaja con lo que imaginabas.Hablamos de:💌 Por qué muchas personas sienten ansiedad o sensación de fracaso al llegar a los 30.💌 El impacto de las expectativas sociales, la comparación y las redes en esta etapa.💌 Cómo diferenciar entre los ideales heredados y los deseos propios.Nos acompaña Cristina, psicóloga del equipo de Somos Estupendas, para entender por qué esta ansiedad no siempre es solo individual, sino también social y contextual. Un episodio para revisar el “cuento” que heredamos sobre la vida adulta y abrir espacio a otras formas de construir nuestra propia historia.🌷 Si estás atravesando este momento vital y necesitas acompañamiento, en Somos Estupendas podemos ayudarte con nuestro equipo de psicólogas especializadas:▪️Terapia Individual Online▪️Terapia Presencial en Madrid▪️Terapia Presencial en Barcelona¿Cómo te ha resonado este episodio? ¿Alguna vez has sentido la presión por tenerlo todo resuelto a tu edad? Te leemos en nuestro Instagram @somosestupendas y en la cajita de preguntas de aquí abajo. 🫶🏻",2026-03-22,2971092,49.5,False,es-ES,https://open.spotify.com/episode/0kn2YUX7QBXNg1B3LNWFu4,
06JgN4AkNage0vqyc8a1AD,Somos Estupendas,,0p8PHLxgLdXfxMCh5Mv4JE,Endometriosis: vivir con dolor y no sentirte comprendida | Ep. 242,"Vivir con dolor constante y que desde fuera parezca que “no te pasa nada” puede ser una de las experiencias más solitarias para muchas mujeres con endometriosis. ¿Qué ocurre cuando el dolor está ahí todos los días, pero cuesta que el entorno lo comprenda?¡Bienvenida a un nuevo episodio del podcast de Somos Estupendas!En este episodio abrimos conversación sobre lo que implica vivir con endometriosis: una enfermedad que afecta a millones de mujeres y que, aun así, sigue estando rodeada de silencios, incomprensión y retrasos diagnósticos.Hablamos de:💌 Cómo es convivir con dolor físico crónico y el impacto emocional que puede generar.💌 La sensación de no ser creída o comprendida cuando el dolor no siempre es visible.💌 Cómo puede afectar la endometriosis a la vida cotidiana, la sexualidad o la maternidad.Nos acompaña Aretha, creadora de contenido y paciente de endometriosis, para compartir su experiencia en primera persona. Una conversación honesta sobre el dolor, la validación y la importancia de mirar la salud desde una perspectiva integral.Aretha, GRACIAS por elegirnos y confiar en nuestro equipo para tu proceso de terapia individual y de pareja. Es un regalo acompañarte.🌷 Si estás atravesando un momento de malestar físico o emocional y necesitas acompañamiento, en Somos Estupendas contamos con profesionales que trabajan desde una mirada integrativa para cuidar tu bienestar emocional.¿Cómo te ha resonado este episodio? ¿Habías escuchado antes hablar de la endometriosis o conoces a alguien que la viva? Te leemos en nuestro Instagram @somosestupendas y en la cajita de preguntas de aquí abajo. 🫶🏻",2026-03-15,3337685,55.6,False,es-ES,https://open.spotify.com/episode/0p8PHLxgLdXfxMCh5Mv4JE,
06JgN4AkNage0vqyc8a1AD,Somos Estupendas,,4VDbn9uIl3DO8Tsr16KXXr,Estoy agotada de sostenerlo todo y no puedo más | Ep. 241,"Hay un tipo de agotamiento que muchas mujeres reconocen enseguida: sentir que lo sostienen todo y que, aun así, nunca es suficiente. ¿Te suena esa sensación de no poder más… aunque “en teoría” todo esté bien?❤️‍🩹 ¿Sientes que ya no quieres o puedes sostenerlo todo sola? Si necesitas acompañamiento en este proceso, estamos aquí para ti. Empieza tu terapia con perspectiva de género aquí.¡Bienvenida a un nuevo episodio del podcast de Somos Estupendas!En este episodio abrimos una conversación sobre ese cansancio profundo que muchas mujeres viven en silencio. Un agotamiento que no siempre es solo personal, sino que también está atravesado por mandatos, roles de género y expectativas que nos enseñaron a cuidar de todo… menos de nosotras mismas.Hablamos de:💌 El peso de sostener vínculos, cuidados y responsabilidades emocionales.💌 Cómo los mandatos de género pueden generar culpa, autoexigencia y agotamiento.💌 Por qué es importante que la terapia incluya una mirada con perspectiva de género.Nos acompaña Tamara, psicóloga del equipo de Somos Estupendas, para reflexionar sobre cómo la educación y el contexto que vivimos como mujeres influyen en nuestra salud mental y en la forma en la que entendemos nuestro propio malestar.🌷 ¿Quieres empezar tu proceso terapéutico con nosotras? En Somos Estupendas contamos con profesionales que trabajan desde una mirada integrativa y con perspectiva de género, para acompañar malestares vinculados a experiencias como violencia de género, violencias sexuales o dinámicas de maltrato.▪️Terapia Individual Online▪️Terapia Presencial en Madrid▪️Terapia Presencial en Barcelona¿Cómo te ha llegado? ¿Te ha resonado con tu experiencia y con la de las mujeres a tu alrededor? Te leemos en nuestro Instagram [@somosestupendas] y en la cajita de preguntas de aquí abajo. ",2026-03-08,2441152,40.7,False,es-ES,https://open.spotify.com/episode/4VDbn9uIl3DO8Tsr16KXXr,
6x9RCowhyb3m5nXtlIhLii,AL CIELO CON ELLA con Henar Álvarez,,7pIwGqF43rndXSMYVElVJv,"Al cielo con ella con Pepa Bueno, Leonor Watling y Javi Hoyos | 'Al cielo con ella'","Se acerca la etapa de conciertos, festivales… y  agujeros en el bolsillo. Henar Álvarez reflexiona sobre el nuevo timo de moda: el de las entradas de los conciertos y la capitalización del ocio. La periodista Pepa Bueno, presentadora del TD2, da una clase magistral de periodismo, confiesa su etapa punk y presenta su videopodcast ‘La Semana’. Leonor Watling reflexiona acerca de las diferencias entre el mundo de la interpretación y la música y acuña el concepto “cantatriz”. El rey del salseo, Javi Hoyos, visita Al cielo con ella y descubre cómo es el día a día de un periodista de corazón tiktoker y dar alguna que otra exclusiva.Lamine Thior vuelve con una sección sobre sobre las personas que usan la luna en Géminis como excusa para todo y Pepa Rus, Mariona Terés, Pupi Poisson y Pepi, la vecina son algunos cameos del  programa.",2026-05-14,4773547,79.6,False,es,https://open.spotify.com/episode/7pIwGqF43rndXSMYVElVJv,
6x9RCowhyb3m5nXtlIhLii,AL CIELO CON ELLA con Henar Álvarez,,24HKcAEtW2Yz5TOvohscZC,"Al cielo con ella con Pablo Alborán, Isabel Gemio y Ceci Hace | 'Al cielo con ella'","Henar Álvarez desmonta el concepto de las Girl Maths y señala todo lo que se esconde tras él, porque las verdaderas matemáticas de las chicas son el dinero que no cobran. Pablo Alborán viene a darlo todo y vivir una montaña rusa de emociones: cantar, reír, hablar sobre el amor y pasárselo de miedo. Además, interpreta “Si quisieras”, canción que pertenece a KM0, su nuevo disco.Isabel Gemio cuenta cómo vivió, tanto en lo personal como en lo profesional, su etapa de máximo éxito durante los 90 y cómo es volver a la radio nocturna.Ceci Hace, la cómica argentina que lo está petando en redes y tiene las entradas agotadas para sus shows en España, es la tercera invitada y Clara Ingold regresa como colaboradora para hablarle a sus óvulos congelados y actualizarles que todo sigue igual: los altos costes, las dudas y el trabajo precario. Además, los Manny Calavera acompañan el programa con temazos y el “Hombre Mágico” hará desaparecer las bragas con un trucazo.",2026-05-07,4524970,75.4,False,es,https://open.spotify.com/episode/24HKcAEtW2Yz5TOvohscZC,
6x9RCowhyb3m5nXtlIhLii,AL CIELO CON ELLA con Henar Álvarez,,6CxqsT6MVWbBw7MiSBF6dF,Al cielo con ella con Karla Sofía Gascón y Martirio | 'Al cielo con ella',"Henar Álvarez comienza su programa repasando las declaraciones machistas del juez titular del Juzgado de Violencia sobre la Mujer nº8 de Madrid. ¿Cómo nos pueden garantizar justicia si nos está juzgando la perla de Rosalía?Karla Sofía Gascón, actriz internacional premiada en Cannes y nominada a los Oscar, reflexiona acerca de la autenticidad, el éxito y sus nuevos proyectos. Martirio, leyenda de la copla y pionera en la fusión, nos emociona al hablar sobre feminismo, vanguardia y arte. Sigue conquistando los escenarios y presenta su nueva gira Al sur del tango.Carmina Barrios estrena consultorio y responde a las dudas existenciales de los espectadores. Además, vivimos una verdadera experiencia VIP con Metrika, Samantha Ballentines, Jordi Cruz y Rakky Ripper. En su sección, Laura del Val trata el tema que tanto ha circulado en redes sociales: la “amistad especial” entre Rosalía y Loli Bahía. Además, un grupo de crossfiteros recogen las bragas del programa y los Manny Calaveras ponen el ritmo en la plaza. ",2026-04-30,4669781,77.8,False,es,https://open.spotify.com/episode/6CxqsT6MVWbBw7MiSBF6dF,
6x9RCowhyb3m5nXtlIhLii,AL CIELO CON ELLA con Henar Álvarez,,2Q1BHV4IMZ91RWzEnukSMP,Al cielo con ella con Loles León y Silvia Intxaurrondo | 'Al cielo con ella',"Henar Álvarez abre el programa abordando la exclusión histórica del cuerpo de la mujer en los estudios científicos. Ahora que ya sabemos, por fin, cómo es la red nerviosa del clítoris, aprovechará para encender el plató con toda su fuerza interior, que no es poca.‘Al cielo con ella’ está cargado de reinas. Loles León, la reina del cabaret y de lo que le echen, habla sin filtros sobre su trayectoria, su vida y su sexualidad. Y la reina de la información, Silvia Intxaurrondo, vuelve para conversar sobre política, sus inicios en la profesión y su segunda novela.Regresa una colaboradora que siempre nos ha acompañado: ¡Toni Acosta! Esta vez nos cuenta una anécdota “de pelotas”.Además, Edu Soto es el maestro de ceremonias y un grupo de majorettes son las encargadas de recoger el aluvión de bragas. Como siempre, no faltarán los Manny Calavera. ",2026-04-23,4168704,69.5,False,es,https://open.spotify.com/episode/2Q1BHV4IMZ91RWzEnukSMP,
6x9RCowhyb3m5nXtlIhLii,AL CIELO CON ELLA con Henar Álvarez,,6Sl6RwWFLkuEeVZ0TP25zO,"Al cielo con Jesus Vázquez, Danna y Míriam Díaz-Aroca | 'Al cielo con ella'","Henar aborda el tema de los hombres que no pagan la pensión alimenticia de sus hijos a sus exparejas. Nos visita Jesús Vázquez, uno de los presentadores más queridos de la televisión, pionero en la defensa de los derechos LGTBIQ+ . La cantante y actriz internacional Danna, reconocida por su papel en la serie ‘Élite’, nos habla sobre su trayectoria artística y la hermandad entre mujeres. Además, nos presenta su nuevo EP “Lucid Dreams”. Miriam Díaz-Aroca, historia viva de la televisión y del cine en este país, nos cuenta que es en este momento cuando se siente más auténtica. Por fin, vuelve a ‘Al cielo con ella’ la colaboradora Ana Morgade, que le canta una canción a la celulitis junto a los Manny Calavera. Rubén Avilés llega dispuesto a ser el representante del colectivo de personas antireseñas. Y seis increíbles bailarines de voguing son los encargados de recoger la lluvia de bragas. ",2026-04-16,5258111,87.6,False,es,https://open.spotify.com/episode/6Sl6RwWFLkuEeVZ0TP25zO,
6x9RCowhyb3m5nXtlIhLii,AL CIELO CON ELLA con Henar Álvarez,,5QmnynOTtOqW4ANdxwVz2Q,"Al cielo con Shakira, Rossy de Palma y Sergio Dalma | 'Al cielo con ella'","Al cielo con ella aterriza en La 1 para revolucionar la cadena con una gran fiesta en la que no falta de nada: los Manny Calavera, la voz de Queralt Lahoz, Paula Vázquez y Valeria Vegas.Henar Álvarez lanza en su monólogo un mensaje reivindicativo contra la idea de que la validación masculina sea necesaria para que las mujeres alcancen sus sueños. Como siempre, el público recibe a Henar con sus mejores bragas, aunque en esta ocasión las recoge el equipo de rugby Los Titanes.Arrancamos temporada con Shakira, que concede Al Cielo Con Ella una entrevista en exclusiva donde nos muestra “su fuerza de loba”. Además, nos visita “la chica Almodóvar” Rossy de Palma y el cantante español que ha puesto la banda sonora de nuestras vidas, Sergio Dalma.Y el cómico Lamine Thior renueva como colaborador en el programa hablando de sus primeras veces, desde su encuentro con la Casa Real a interacciones en apps de citas.",2026-04-09,4721748,78.7,False,es,https://open.spotify.com/episode/5QmnynOTtOqW4ANdxwVz2Q,
6x9RCowhyb3m5nXtlIhLii,AL CIELO CON ELLA con Henar Álvarez,,6jNztaKgWFpwRCkg6tJDB3,Al cielo con Lidia San José y Nacho Duato | 'Al cielo con ella',"Al cielo con ella arranca con el funeral más surrealista de la televisión: una despedida por todo lo alto de La 2 para celebrar el salto del programa a La 1. Con ataúd incluido, Henar convierte la despedida en una fiesta.La primera invitada es la actriz Lidia San José, que recuerda con nostalgia sus inicios en las series de televisión que la marcaron desde niña. Habla de su vida en México desde hace diez años, descubre su faceta como historiadora y desvela que escribe su segundo libro sobre mujeres en la historia. Comparte detalles de su actual obra de teatro, Una excusa perfecta.El coreógrafo Nacho Duato reflexiona con ironía sobre el “ayuno intelectual” de la sociedad y repasa una carrera internacional que lo ha llevado por medio mundo. Reivindica la arruga y la vejez como símbolos de sabiduría y asegura que ahora dice lo que piensa sin cortarse. Ana Morgade cierra  el programa con un repaso irónico al éxito viral de  sus vídeos y a quienes la llaman “charo” en redes, rematado con un divertido teatrillo de marionetas.",2026-03-17,3411840,56.9,False,es,https://open.spotify.com/episode/6jNztaKgWFpwRCkg6tJDB3,
6x9RCowhyb3m5nXtlIhLii,AL CIELO CON ELLA con Henar Álvarez,,2zH1S7okJ2nPvAAFnmO9DB,Al cielo con Inma Cuesta y Almudena Ariza | 'Al cielo con ella' ,"Henar Álvarez, este 8 de marzo, tira por tierra la idea de que las feministas odian a los hombres, se conforman con que ellos no odien a las mujeres.La actriz Inma Cuesta presenta su último trabajo, la serie Si hoy es martes, es asesinato. Nos cuenta cómo convirtió su vocación de actriz en profesión y lo que le costó que los directores de casting vieran su vis cómica.Almudena Ariza analiza, con los ojos de una periodista que ha vivido en primera persona decenas de conflictos a lo largo de su carrera, los últimos acontecimientos de la convulsa política internacional. Como contrapunto, nos habla de lo que ha descubierto en su última corresponsalía, la amabilidad del pueblo de Colombia.La cómica Clara Ingold ha vivido en sus propias carnes el shock de ser interpelada por primera vez como “señora”. Con su habitual humor desgrana cómo es pasar de chica a señora gracias a un carrito de la compra.En riguroso directo, Los Manny Calavera cantan varios hits, siempre a su manera.",2026-03-10,3397290,56.6,False,es,https://open.spotify.com/episode/2zH1S7okJ2nPvAAFnmO9DB,
6x9RCowhyb3m5nXtlIhLii,AL CIELO CON ELLA con Henar Álvarez,,3GKsIVyQVMzGPh6WGyQX7K,Al cielo con Hovik Keuchkerian y Lucía Solla | 'Al cielo con ella',"Henar Álvarez dedica su monólogo a la carga doméstica y cuestiona esa idea de que si no lo haces tú, no lo hace nadie. Invita a las mujeres a priorizarse y a vivir su vida. El remate llega en versión musical con Natalia reinterpretando “Vas a volverme loca” convertida en himno contra la desigualdad en casa.El primer invitado es Hovik Keuchkerian, actor, cómico, poeta y ex boxeador. Entre risas y complicidad con Henar, presenta El Grito y habla de su físico imponente y de la pasión como motor de su carrera. También visita el programa Lucía Solla, autora de Comerás Flores, que tras superar los 100.000 ejemplares vendidos reflexiona sobre el impacto de su novela y el vértigo del éxito.Lamine Thior celebra el Día de Andalucía con himno, flauta y nacionalización exprés. Los Manny Calavera ponen la música en directo.",2026-03-03,3495765,58.3,False,es,https://open.spotify.com/episode/3GKsIVyQVMzGPh6WGyQX7K,
6x9RCowhyb3m5nXtlIhLii,AL CIELO CON ELLA con Henar Álvarez,,6ZHYyY8bb5z0fA2CwR44YD,Al cielo con Lolita y Marta Fernández-Muro,"Henar reflexiona sobre el afán que tienen muchas mujeres de reivindicar al hombre feo y gracioso, cosa que no ocurre a la inversa. Así que recomienda que cambien las tornas, las mujeres suban el listón y sólo se líen con hombres atractivos.Estrenamos reportero, Rubén Avilés que, en su primer reportaje, acude a ver cómo están los ánimos entre los nominados a los Goya una semana antes de que se celebre la gala.  Marta Fernández-Muro ha trabajado con lo más granado del cine español, desde Almodóvar a Berlanga, y nos desvela el truco para una carrera longeva: ser secundaria y cómica .La cómica Laura del Val nos desvelará qué comparte con personajes como Bad Bunny, Florentino Pérez o Jacob Elordi.Los Manny Calavera esta semana se atreven a versionar al artista del momento, Bad Bunny. ",2026-02-24,3499925,58.3,False,es,https://open.spotify.com/episode/6ZHYyY8bb5z0fA2CwR44YD,
3VYkhxT38nw3eeLmJu75kd,Keep It Cutre,,4UzJOKPXr0HatvgNnrmFr4,CHULAS y CASTIZAS - Keep it cutre 11x26,"(publi) Hoy nos plantamos los claveles y mantones y nos comemos unas buenas rosquillas para hablar de nuestra ciudad y de su verbena icónica: SAN ISIDRO. Qué gusto, que alegría y que poco fomo de la feria de Sevilla.Gracias Mahou por patrocinar no solo este episodio sino San Isidro entero. Nunca tan orgullosas de ser Mahoudrileñas.",2026-05-13,2779200,46.3,False,es,https://open.spotify.com/episode/4UzJOKPXr0HatvgNnrmFr4,
3VYkhxT38nw3eeLmJu75kd,Keep It Cutre,,7rYPcHJ0TCw1SNVrij2Bow,La burbuja de los ExPats - Keep it Cutre con Paulara 11x26,"(PUBLI) ¿Has oído hablar de los ExPats? ¿Has sentido que en tu ciudad ya se habla más inglés que español en las calles? ¿Sufres porque el matcha se está llevando por delante al carajillo? Hoy hablamos con Paulara, nuestra Clara Campoamor particular, para hablar de este fenómeno. O desfenómeno, más bien. Gracias a Mahou por patrocinar este capítulo y siempre brindar con nosotras.",2026-05-06,4661568,77.7,False,es,https://open.spotify.com/episode/7rYPcHJ0TCw1SNVrij2Bow,
3VYkhxT38nw3eeLmJu75kd,Keep It Cutre,,2zYmCZxZXe5qlvjrD23hkb,Nos CAMBIAMOS la PERSONALIDAD - KEEP IT CUTRE 11x25,"(publi) Estamos en la era de la nostalgia, así que nosotras también nos subimos al carro. ¿Os acordáis de esa película en la que Londsay Lohan se intercambiaba el cuerpo con su madre? Pues hoy nosotras hacemos nuestro propio “Ponte en mi lugar” en este episodio. ¿Cómo sería vivir en el cuerpo de la otra? Hoy lo descubrimos.Esperemos que os guste mucho.Gracias Mahou por patrocinar este episodio ✨",2026-04-29,3549077,59.2,False,es,https://open.spotify.com/episode/2zYmCZxZXe5qlvjrD23hkb,
3VYkhxT38nw3eeLmJu75kd,Keep It Cutre,,3F89hCxzYmZh8ZHDweqgWn,"Y la química de nuestro cerebro... CAMBIÓ, con PIPIOLAS - KEEP IT CUTRE 11X24","(publi) Hoy hablamos de todos esos momentos que son hitos en la vida: a partir de ellos, ya nada es igual. Nuestra química del cerebro cambia para siempre. Un primer amor, una ruptura de amistad, una agresión… temas delicaditos. Y para ello, había que hablar en confianza… por lo que hemos traído a nuestras amigas. Bienvenidas a Keep It Cutre… PIPIOLAS <3 Gracias a RISI (nuestras palomitas favs del mundo mundial) por patrocinar este episodio. Y gracias por supuesto a Mahou, que marida con todo ❤️ ",2026-04-22,5844800,97.4,False,es,https://open.spotify.com/episode/3F89hCxzYmZh8ZHDweqgWn,
3VYkhxT38nw3eeLmJu75kd,Keep It Cutre,,0Sn40TWPVKXNSlsF4R21cz,Quedarte sin OXÍGENO con Marta Jiménez Serrano - KEEP IT CUTRE 11X23,"(publi)Imagínate quedarte sin oxígeno y ya en la ambulancia camino al hospital pensar: esto da pa libro. Pues de la inspiración, la escritura, el síndrome de la impostora e incluso del otro barrio hablamos con la increíble Marta Jiménez Serrano; autora de Los nombres propios, No todo el mundo y su último éxito: Oxígeno. Ojalá os guste. Gracias Mahou por patrocinar este capítulo y como siempre brindar con nosotras 🍻❤️",2026-04-15,3993472,66.6,False,es,https://open.spotify.com/episode/0Sn40TWPVKXNSlsF4R21cz,
3VYkhxT38nw3eeLmJu75kd,Keep It Cutre,,0o7Spx6ALKh4vIAXHC78Wr,Cómo DEJAR a un AMIGO - KEEP IT CUTRE 11x22,"(publi) Un día más estamos de charleta mano a mano. Esta vez sobre la oleada del GLP-1, hacernos mayores, la amistad en la adultez, la fugacidad del tiempo... Ya sabéis, divagar un poco de todo y nada como nos encanta. Bichead la web de Back Market para pillaros lo que necesitéis siempre reacondicionado y ahorraros unos lereles :https://www.backmarket.es/es-es/?utm_source=Acast&utm_medium=podcast&utm_campaign=es_sa_aud_podcast_top-awareness_dn-spring--2026_awareness_cfo_national_baked-in-KeepItCutreY gracias a Mahou por brindar con nosotras toda la temporada 🌟",2026-04-08,3281045,54.7,False,es,https://open.spotify.com/episode/0o7Spx6ALKh4vIAXHC78Wr,
3VYkhxT38nw3eeLmJu75kd,Keep It Cutre,,1HAy1pXJ63ANzaOmUgJ5BJ,"FAKE IT until you MAKE IT, con Pabs - Keep it cutre 11x21","(publi) Simplemente tres personas que se criaron con un internet en el que todo era campo literal... y mucho charloteo al respecto. Un gustazo tener a Pabs con nosotras y, sobre todo, poder hacerle las preguntas que todas queríamos saber: ¿Por qué la gente joven ya no bebe? ¿Por qué todos los tiktokers tienen movidas públicas? y lo más importante, ¿estamos todas las que nos dedicamos a redes sociales ABOSLUTAMENTE DELULUS?Y como hemos mencionado en el capítulo, ¡pasarse al reacondicionado es de guapas! Así que si necesitas un nuevo móvil, ordenador, secador de pelo, reloj, cualquier electrodomésitco.... bichea su web: https://www.backmarket.es/es-es/?utm_source=Acast&utm_medium=podcast&utm_campaign=es_sa_aud_podcast_top-awareness_dn-spring--2026_awareness_cfo_national_baked-in-KeepItCutre Gracias como siempre a Mahou por brindar con nosotras una semana más. ❤️",2026-04-01,4119381,68.7,False,es,https://open.spotify.com/episode/1HAy1pXJ63ANzaOmUgJ5BJ,
3VYkhxT38nw3eeLmJu75kd,Keep It Cutre,,6OnTIfBryMy1svAvtWvIxh,Padre… hemos PECADO - Keep it cutre 11x20,"(publi) Lo prometido es deuda… y como hace unos capítulos os adelantamos: hoy venimos a confesarnos. Un repasito por todos los pecados capitales, cómo los vivimos nosotras y qué virtudes nos salvan de ser unas pecaminosas 💅🏻Gracias a Back Market por patrocinar este capítulo. Pasarse al reacondicionado es de guapas así que checkea aquí:https://www.backmarket.es/es-es/?utm_source=Acast&utm_medium=podcast&utm_campaign=es_sa_aud_podcast_top-awareness_dn-spring--2026_awareness_cfo_national_baked-in-KeepItCutreY gracias siempre a Mahou por brindar con nosotras toda la temporada. 🩷",2026-03-25,3800170,63.3,False,es,https://open.spotify.com/episode/6OnTIfBryMy1svAvtWvIxh,
3VYkhxT38nw3eeLmJu75kd,Keep It Cutre,,0uKlMRlAQkwzDstg8AI24V,Nos COMEN la TOSTADA con MARIANG - Keep it cutre 11x19,"(publi)¿Hemos pecado demasiado de reivindicar el “solo ser una chica”? ¿Está el arte por encima de todo? ¿Se puede separar obra de artista? ¿Pedimos “ser referente” a gente a la que no deberíamos pedirle ni la hora?De tooooodo esto hablamos con Mariang, una tía listísima a la que siempre nos encanta escuchar. Y otra cosa no, pero ya os adelantamos que enfadadas estamos y mucho. Bichead la web de Back Market https://www.backmarket.es/es-es/?utm_source=Acast&utm_medium=podcast&utm_campaign=es_sa_aud_podcast_top-awareness_dn-spring--2026_awareness_cfo_national_baked-in-KeepItCutre y pasaos al reacondicionado💘Gracias a Back Market y Mahou por patrocinar este episodio.",2026-03-18,4396053,73.3,False,es,https://open.spotify.com/episode/0uKlMRlAQkwzDstg8AI24V,
3VYkhxT38nw3eeLmJu75kd,Keep It Cutre,,2voNHGltuksfRP47m4CCbh,TODAS vuestras MISERIAS con DAVID ANDÚJAR - KEEP IT CUTRE 11x18,"(publi)Nos encanta que en este episodio las ruinas que se sacan a relucir son las vuestras. Y como nada nos gusta más que comentar un chisme con amigos, hemos traído a David Andújar: Periodista, creador de contenido y una persona maravillosísima. Ojalá os encante el capítulo.Gracias Mahou por patrocinar este episodio y nuestra vida en general 🍻❤️",2026-03-11,4190570,69.8,False,es,https://open.spotify.com/episode/2voNHGltuksfRP47m4CCbh,
22DdWpo8Dipj3PSMxn5yxv,La Pija y la Quinqui,,4YQ2uHzbzmmV1nZCSTvwRc,CHICHI AL SOL con VICTORIA MARTÍN y ANNA CASTILLO | La Pija y la Quinqui 5x32,"Hoy nos visitan una pija muy quinqui y una quinqui muy pija: Victoria Martín y Anna Castillo. Hablamos de que la anestesia pierde su efecto si te drogas mucho, de que el horóscopo es antifeminista y de que los reboots son demasiado woke para funcionar. Learn more about your ad choices. Visit megaphone.fm/adchoices",2026-05-16,3597205,60.0,False,es,https://open.spotify.com/episode/4YQ2uHzbzmmV1nZCSTvwRc,
22DdWpo8Dipj3PSMxn5yxv,La Pija y la Quinqui,,0jQVmBTlSboZPjSQ3hftNF,FEDERADAS EN PARCHÍS con LOLA LOLITA | La Pija y la Quinqui 5x31,"Vuelve Lola Lolita y como siempre que viene Lola Lolita la conversación ha girado alrededor de… los pedos (en esta ocasión introducimos los vaginales también). También hablamos de tener una granja escuela en casa, de jugar al parchís y de orzuelos. Learn more about your ad choices. Visit megaphone.fm/adchoices",2026-05-09,3418816,57.0,False,es,https://open.spotify.com/episode/0jQVmBTlSboZPjSQ3hftNF,
22DdWpo8Dipj3PSMxn5yxv,La Pija y la Quinqui,,3BWB3yd3yJCeeCxGtQQFc6,¿ERES MÁS DIVINA O MÁS POPULAR? con BRENDA ASNICAR Y LAURA ESQUIVEL | La Pija y la Quinqui 5x30," Hoy se sientan en ‘La Pija y la Quinqui’ lo que en Argentina sería ‘La Divina y la Popular’: Brenda Asnicar (Antonella) y Laura Esquivel (Patito). Les trasladamos la pregunta de Manuel Turizo de por qué las populares se llamaban populares si no lo eran, preguntamos por sus sofás y hablamos de tener tu propio juego de la Nintendo (no sabían que tenían uno).   Learn more about your ad choices. Visit megaphone.fm/adchoices",2026-05-02,3219498,53.7,False,es,https://open.spotify.com/episode/3BWB3yd3yJCeeCxGtQQFc6,
22DdWpo8Dipj3PSMxn5yxv,La Pija y la Quinqui,,79vtV4ZIpr1eEBO1rkSzWi,CRÓNICAMENTE ONLINE con NICOLE WALLACE | La Pija y la Quinqui 5x29,"Hoy repite en el podcast la voz de El Padrino y también Nicole Wallace, la única actriz a la que, en el fondo, le encantaría ser tiktoker. Hablamos de perder el móvil, de fantasmas y de poner el Strava mientras juegas al pilla pilla. Learn more about your ad choices. Visit megaphone.fm/adchoices",2026-04-25,3704320,61.7,False,es,https://open.spotify.com/episode/79vtV4ZIpr1eEBO1rkSzWi,
22DdWpo8Dipj3PSMxn5yxv,La Pija y la Quinqui,,7rA9B92pBAHv91S9YzIWj8,GURÚS ESPIRITUALES con CA7RIEL Y PACO AMOROSO | La Pija y la Quinqui 5x28,"Hoy vienen al podcast los Phineas y Ferb de la gente que fuma porros: CA7RIEL y Paco Amoroso. Hablamos de ser amigos desde el colegio, del wellness y de ser dos genios de los lyrics. También les preguntamos que de qué color les sale el pis. Learn more about your ad choices. Visit megaphone.fm/adchoices",2026-04-18,2773696,46.2,False,es,https://open.spotify.com/episode/7rA9B92pBAHv91S9YzIWj8,
22DdWpo8Dipj3PSMxn5yxv,La Pija y la Quinqui,,76isXUe3GyUiyv3iErekoJ,NO SOMOS CHICAS ALMODÓVAR con PEDRO Y AGUSTÍN ALMODÓVAR | La Pija y la Quinqui 5x27,"Ha llegado el momento más importante de nuestra vida, la razón por la cual este podcast empezó… ha venido Pedro Almodóvar –y no viene solo, también hemos invitado a su hermano Agustín (Tinín para los amigos)–. Hablamos de cómo es trabajar en familia, de la falta de alma de la IA, de cómo nos quitan las ciudades y de renegar del concepto “chica almodóvar”. Learn more about your ad choices. Visit megaphone.fm/adchoices",2026-04-11,3586133,59.8,False,es,https://open.spotify.com/episode/76isXUe3GyUiyv3iErekoJ,
22DdWpo8Dipj3PSMxn5yxv,La Pija y la Quinqui,,0pbmCfx0TJXj5hmGoaBAaO,ERES PRECIOSA con BELÉN AGUILERA | La Pija y la Quinqui 5x26,"Hoy repite en ‘La Pija y la Quinqui’ la persona que más sabe de PinkPantheress del mundo: Belén Aguilera. Hablamos de las pijas de Madrid vs las pijas de Barcelona, de ser mediterráneas y de Kourtney Kardashian.  Hemos corregido el audioooo. Learn more about your ad choices. Visit megaphone.fm/adchoices",2026-03-29,3650339,60.8,False,es,https://open.spotify.com/episode/0pbmCfx0TJXj5hmGoaBAaO,
22DdWpo8Dipj3PSMxn5yxv,La Pija y la Quinqui,,3G2CKqgOp9tFQsEaVffQjZ,"COME, REZA, AMA con MANUEL TURIZO | La Pija y la Quinqui 5x25",Hoy se estrena en el programa el único invitado que se ha acordado de nosotros y nos ha traído dos cafés con hielo: Manuel Turizo. A cambio le damos la tarjeta gay. Learn more about your ad choices. Visit megaphone.fm/adchoices,2026-03-21,3260160,54.3,False,es,https://open.spotify.com/episode/3G2CKqgOp9tFQsEaVffQjZ,
22DdWpo8Dipj3PSMxn5yxv,La Pija y la Quinqui,,7DrofxKbTcgjLsgiiNTd3u,"EUSKALPIJAS con CLARA GALLE, PAULA USERO Y CLAUDIA SALAS | La Pija y la Quinqui 5x24","Hoy viene a ‘La Pija y la Quinqui’ la persona que más veces ha estado en el programa después de la pija y la quinqui. Hablamos con nuestra hermanita Clara Galle, Claudia Salas y Paula Usero sobre cómo se cuentan los años de un perro, tener un alter ego y de hacer swinging de vacaciones. Learn more about your ad choices. Visit megaphone.fm/adchoices",2026-03-14,3668800,61.1,False,es,https://open.spotify.com/episode/7DrofxKbTcgjLsgiiNTd3u,
22DdWpo8Dipj3PSMxn5yxv,La Pija y la Quinqui,,2nPt4SGxnuGzjghBojs2fh,OXÍGENO con MARTA JIMÉNEZ SERRANO | La Pija y la Quinqui 5x23,"Esta semana se estrena en ‘La Pija y la Quinqui’ Marta Jiménez Serrano, la tercera escritora que visita nuestro programa, tras el paso de Lolalolita y Pedro Sánchez. Hablamos de los caseros que no dejan celebrar tu propio cumpleaños en su piso y de 'Una conejita en el campus'. Learn more about your ad choices. Visit megaphone.fm/adchoices",2026-03-07,3977962,66.3,False,es,https://open.spotify.com/episode/2nPt4SGxnuGzjghBojs2fh,
6V1DDzXVZg6wFXFo0SanY2,Estirando el chicle,,24r1hybzDzkC2PZcqSNQoR,EGIPTO ES COMO CUENCA con MYRIAM SECO | Estirando el Chicle 8x05,"En este episodio hablamos de momias y no, son ni Carolina ni Victoria (tampoco Risto Mejide). Se viene de invitada una persona listísima: la arqueóloga y egiptóloga Myriam Seco. Nos cuenta un montón de anécdotas y datos curiosos -y reales- del antiguo Egipto. También le da consejos a Vicky de cómo enterrarse en un sarcófago y se momifique. Además, hoy se viene nuestra Cleopatra particular, Henar Álvarez, para contarnos una verdadera historia de terror: cómo eran los cuidados de las mujeres en la Antigüedad. Y reivindica la arquitectura de Cuenca, importante. Learn more about your ad choices. Visit megaphone.fm/adchoices",2026-05-16,3741824,62.4,False,es-ES,https://open.spotify.com/episode/24r1hybzDzkC2PZcqSNQoR,
6V1DDzXVZg6wFXFo0SanY2,Estirando el chicle,,6GLgKTigwYcMle1leAYGnY,POSTER GAY con PATRICIA ESPEJO | Estirando el Chicle 8x04,"Esta semana hablamos de miedo, pero no del que dan los bíceps de Carolina y Vicky, sino de las cosas que nos hacen sentir miedo de verdad, como el alcohol a partir de los 30, los comportamientos de los señoros o los pelos que salen en el pezón. También hablamos del miedo a la muerte y el sueño de inmortalidad de Victoria con la persona que asusta al miedo: Patri Espejo. Con ella charlamos de cosas que nos asustan de la intimidad de la pareja (sí, de tirarte un pedo delante de tu pareja) y de Poltergeist (o algo así). Learn more about your ad choices. Visit megaphone.fm/adchoices",2026-05-09,3695722,61.6,False,es-ES,https://open.spotify.com/episode/6GLgKTigwYcMle1leAYGnY,
6V1DDzXVZg6wFXFo0SanY2,Estirando el chicle,,3VAdUUmafcNHJ2vTb9w7Eh,TEN AMIGAS LISTAS con MARÍA GUERRA | Estirando el Chicle 8x03,"En este episodio hablamos de la peligrosa operación a vida o muerte a la que se tiene que someter Vicky. Con este drama encima de la mesa, damos la bienvenida a María Guerra, periodista experta en cine que tiene cero pelos en la lengua. Hablamos de la incomodidad que generan las mujeres que dan su opinión, de cómo es envejecer y la importancia de ocupar espacios en la esfera pública. Hoy, además, se vienen Bianca Kovacs y Carmen Romero también conocidas como Torrente y Óliver Laxe haciendo una performance indescriptible sobre las dos películas de moda este año. Learn more about your ad choices. Visit megaphone.fm/adchoices",2026-05-02,3640553,60.7,False,es-ES,https://open.spotify.com/episode/3VAdUUmafcNHJ2vTb9w7Eh,
6V1DDzXVZg6wFXFo0SanY2,Estirando el chicle,,2MsNABQuY0obwk9CxYWitc,"CON LA VENIA, SEÑORÍA con ANA DURO | Estirando el Chicle 8x02","Esta semana se viene el episodio más jurídico que hemos tenido porque tenemos la visita de la persona que estuvo a punto de meter a Shakira en la cárcel: Ana Duro, jueza. Como es mil veces más lista que nosotras, nos cuenta cómo ha sido sacarse la oposición con 26 años, cuáles han sido los juicios más locos que ha vivido y, sobre todo, le pedimos que nos cuente todos los detalles sobre el caso de fraude fiscal de Shakira. Como no podía ser de otra forma, viene la colaboradora con más complejo de abogada: Patri Espejo, que expone un millón de situaciones hipotéticas para saber cómo actuaría Ana. Learn more about your ad choices. Visit megaphone.fm/adchoices",2026-04-25,4186302,69.8,False,es-ES,https://open.spotify.com/episode/2MsNABQuY0obwk9CxYWitc,
6V1DDzXVZg6wFXFo0SanY2,Estirando el chicle,,5kWsGCxjO287QRK1he1VFd,SÓLO DIOS PUEDE JUZGARNOS | Estirando el Chicle 8x01,"¡SÍ, HEMOS VUELTO! ¿Y cómo lo hacemos? Pues con menos ilusión e inocencia que nunca, sinceramente. Pero no pasa nada, porque aquí estamos para hablar de lo mala que es la gente, para que Vicky nos cuente sus aventuras por Japón (la primera vez que sale de casa en años) o para que demos una serie de consejos para que seas la dueña de tu vida. Como no podía ser de otra forma, se viene LalaChus y hace un repaso de los momentos más bonitos -y ridículos- de estos años de podcast.    Learn more about your ad choices. Visit megaphone.fm/adchoices",2026-04-18,4088318,68.1,False,es-ES,https://open.spotify.com/episode/5kWsGCxjO287QRK1he1VFd,
6V1DDzXVZg6wFXFo0SanY2,Estirando el chicle,,4OPE9ISTIZofgreF0heBwT,MUJERES EXTRAORDINARIAS con ISABEL ALLENDE | Estirando el Chicle 7x28,"Este programa especial tenía que tener una invitada de altura y no podía ser otra que Isabel Allende, la escritora más leída en español de la historia. Hablamos con ella de conciencia feminista, de sus consejos para que una relación de pareja dure más de 20 años o de cómo transita el duelo por la muerte de su hija Paula. La colaboradora con las vivencias más increíbles, Patricia Espejo, explica las cosas más locas que le han ocurrido últimamente: una multa por aparcar mal. Learn more about your ad choices. Visit megaphone.fm/adchoices",2025-05-31,3682666,61.4,False,es-ES,https://open.spotify.com/episode/4OPE9ISTIZofgreF0heBwT,
6V1DDzXVZg6wFXFo0SanY2,Estirando el chicle,,1kbOGD0ObsV901XdxFPvsL,TREMENDA RAJADA con CAROL Y VICKY | Estirando el Chicle 7x27,"¡Acabamos temporada! Aunque quizá en unas semanas tenéis alguna sorpresa... Para despedirnos hablamos de las expectativas: las que ponemos nosotras y las que nos ponen. También hablamos de que a Victoria le gusta Antonio Banderas, de que Carol ha perdido toda la inocencia que le quedaba y de si, en general, ""para siempre"" es mucho tiempo. Henar Álvarez vuelve para hablar de que tiene un problema con el trabajo y de la importancia de creer en sí misma. Learn more about your ad choices. Visit megaphone.fm/adchoices",2025-05-10,3339241,55.7,False,es-ES,https://open.spotify.com/episode/1kbOGD0ObsV901XdxFPvsL,
6V1DDzXVZg6wFXFo0SanY2,Estirando el chicle,,35uod8BZqBXqTnIhYVHAdf,POBRE DIABLA con LAIA VALOR | Estirando el Chicle 7x26,"Esta semana nos ponemos las gafas de científicas para hablar con una persona listísima. Es Laia Valor, la bióloga marina que se convirtió en la primera persona en avistar al pez 'diablo negro'. Laia nos cuenta curiosidades sobre el mar, las ballenas o los tiburones, además de los (no) protocolos de abuso sexual en alta mar. También se viene LalaChus con dos teorías que no os dejará indiferentes: las sepias son alienígenas y los delfines son malos.  Learn more about your ad choices. Visit megaphone.fm/adchoices",2025-05-03,3812905,63.5,False,es-ES,https://open.spotify.com/episode/35uod8BZqBXqTnIhYVHAdf,
6V1DDzXVZg6wFXFo0SanY2,Estirando el chicle,,19IY1m0AKqpT53fKnkRFSF,CHUPITAZO DE SALMOREJO con AMAIA SALAMANCA | Estirando el Chicle 7x25 ,"Esta semana estamos tristes: la almohada cochambrosa de Vicky ha pasado a mejor vida. A pesar de todo, seguimos adelante porque le debemos un respeto a una de las actrices más conocidas de España. Amaia Salamanca viene a confesarnos lo tremendamente competitiva que es, sus trucos para no tener resaca o cómo lidiaba con la fama cuando tenía 20 años. Patri Espejo también se viene a demostrarnos sus dotes con la IA y con su impresora. Learn more about your ad choices. Visit megaphone.fm/adchoices",2025-04-26,3273898,54.6,False,es-ES,https://open.spotify.com/episode/19IY1m0AKqpT53fKnkRFSF,
6V1DDzXVZg6wFXFo0SanY2,Estirando el chicle,,6GF9AhJq0x0dfRa6SkXZi0,LINDSAY LOHAN VETE DE MI CASA con ALBA MELENDO | Estirando el Chicle 7x24,"Vicky, con el jersey de pelotillas, y Carol dan la bienvenida a una persona que sí sabe de moda. Alba Melendo, estilista de personas tan increíbles como Karol G o Bad Gyal, viene para contarnos todos los secretos del mundo de la moda, quiénes son las celebrities más ""caprichosas"" o cómo una vez tuvo que echar a Lindsay Lohan de su casa. Learn more about your ad choices. Visit megaphone.fm/adchoices",2025-04-12,3413396,56.9,False,es-ES,https://open.spotify.com/episode/6GF9AhJq0x0dfRa6SkXZi0,
